-- phpMyAdmin SQL Dump
-- version 4.9.0.1
-- https://www.phpmyadmin.net/
--
-- Máy chủ: 127.0.0.1
-- Thời gian đã tạo: Th7 26, 2019 lúc 05:17 PM
-- Phiên bản máy phục vụ: 10.3.15-MariaDB
-- Phiên bản PHP: 7.1.30

SET SQL_MODE = "NO_AUTO_VALUE_ON_ZERO";
SET AUTOCOMMIT = 0;
START TRANSACTION;
SET time_zone = "+00:00";


/*!40101 SET @OLD_CHARACTER_SET_CLIENT=@@CHARACTER_SET_CLIENT */;
/*!40101 SET @OLD_CHARACTER_SET_RESULTS=@@CHARACTER_SET_RESULTS */;
/*!40101 SET @OLD_COLLATION_CONNECTION=@@COLLATION_CONNECTION */;
/*!40101 SET NAMES utf8mb4 */;

--
-- Cơ sở dữ liệu: `blog`
--

-- --------------------------------------------------------

--
-- Cấu trúc bảng cho bảng `loaitin`
--

CREATE TABLE `loaitin` (
  `id` int(10) UNSIGNED NOT NULL,
  `idTheLoai` int(10) UNSIGNED NOT NULL,
  `Ten` varchar(255) COLLATE utf8mb4_unicode_ci NOT NULL,
  `active` int(11) NOT NULL DEFAULT 1,
  `created_at` timestamp NULL DEFAULT NULL,
  `updated_at` timestamp NULL DEFAULT NULL
) ENGINE=InnoDB DEFAULT CHARSET=utf8;

--
-- Đang đổ dữ liệu cho bảng `loaitin`
--

INSERT INTO `loaitin` (`id`, `idTheLoai`, `Ten`, `active`, `created_at`, `updated_at`) VALUES
(1, 1, 'Giáo Dục', 1, NULL, NULL),
(2, 1, 'Nhịp Điệu Trẻ', 1, NULL, NULL),
(3, 2, 'Cuộc Sống Đó Đây', 1, NULL, NULL),
(4, 2, 'Ảnh', 1, NULL, NULL),
(5, 3, 'Mua Sắm', 1, NULL, NULL),
(6, 3, 'Doanh Nghiệp Viết', 1, NULL, NULL);

-- --------------------------------------------------------

--
-- Cấu trúc bảng cho bảng `migrations`
--

CREATE TABLE `migrations` (
  `id` int(10) UNSIGNED NOT NULL,
  `migration` varchar(255) COLLATE utf8mb4_unicode_ci NOT NULL,
  `batch` int(11) NOT NULL
) ENGINE=InnoDB DEFAULT CHARSET=utf8;

--
-- Đang đổ dữ liệu cho bảng `migrations`
--

INSERT INTO `migrations` (`id`, `migration`, `batch`) VALUES
(1, '2014_10_12_000000_create_users_table', 1),
(2, '2014_10_12_100000_create_password_resets_table', 1),
(3, '2016_06_09_021546_Tao_TheLoai', 2),
(4, '2016_06_09_021610_Tao_LoaiTin', 2),
(5, '2016_06_09_021813_Tao_TinTuc', 2);

-- --------------------------------------------------------

--
-- Cấu trúc bảng cho bảng `password_resets`
--

CREATE TABLE `password_resets` (
  `email` varchar(255) COLLATE utf8mb4_unicode_ci NOT NULL,
  `token` varchar(255) COLLATE utf8mb4_unicode_ci NOT NULL,
  `created_at` timestamp NULL DEFAULT NULL
) ENGINE=InnoDB DEFAULT CHARSET=utf8;

-- --------------------------------------------------------

--
-- Cấu trúc bảng cho bảng `theloai`
--

CREATE TABLE `theloai` (
  `id` int(10) UNSIGNED NOT NULL,
  `Ten` varchar(255) COLLATE utf8mb4_unicode_ci NOT NULL,
  `active` int(11) NOT NULL DEFAULT 1,
  `created_at` timestamp NULL DEFAULT NULL,
  `updated_at` timestamp NULL DEFAULT NULL
) ENGINE=InnoDB DEFAULT CHARSET=utf8;

--
-- Đang đổ dữ liệu cho bảng `theloai`
--

INSERT INTO `theloai` (`id`, `Ten`, `active`, `created_at`, `updated_at`) VALUES
(1, 'Xã Hội', 1, NULL, NULL),
(2, 'Thế Giới', 1, NULL, NULL),
(3, 'Kinh Doanh', 1, NULL, NULL);

-- --------------------------------------------------------

--
-- Cấu trúc bảng cho bảng `tintuc`
--

CREATE TABLE `tintuc` (
  `id` int(10) UNSIGNED NOT NULL,
  `TieuDe` text COLLATE utf8mb4_unicode_ci NOT NULL,
  `TomTat` text COLLATE utf8mb4_unicode_ci NOT NULL,
  `NoiDung` longtext COLLATE utf8mb4_unicode_ci NOT NULL,
  `Hinh` varchar(255) COLLATE utf8mb4_unicode_ci NOT NULL,
  `NoiBat` int(11) NOT NULL DEFAULT 0,
  `SoLuotXem` int(11) NOT NULL DEFAULT 0,
  `idLoaiTin` int(10) UNSIGNED NOT NULL,
  `active` int(11) NOT NULL DEFAULT 1,
  `created_at` timestamp NULL DEFAULT NULL,
  `updated_at` timestamp NULL DEFAULT NULL
) ENGINE=InnoDB DEFAULT CHARSET=utf8;

--
-- Đang đổ dữ liệu cho bảng `tintuc`
--

INSERT INTO `tintuc` (`id`, `TieuDe`, `TomTat`, `NoiDung`, `Hinh`, `NoiBat`, `SoLuotXem`, `idLoaiTin`, `active`, `created_at`, `updated_at`) VALUES
(1, 'Lần đầu ĐH FPT cấp học bổng tiến sĩ ', 'Bên cạnh 400 suất học bổng Nguyễn Văn Đạo, ĐH FPT lần đầu tiên chọn ra 30 học sinh xuất sắc nhất để cấp học bổng toàn phần đào tạo từ cử nhân lên thẳng tiến sĩ, với tổng giá trị quỹ lên tới 5 triệu USD.', 'Mauris rhoncus a nulla ut sollicitudin. Curabitur interdum turpis non lacus posuere, eu hendrerit nisi ornare. In hac habitasse platea dictumst. Ut euismod quis lorem quis efficitur. Aliquam tempus mattis iaculis. Duis at lacus id nunc porttitor faucibus. Nullam pretium egestas fringilla. Aenean at tellus a elit molestie dignissim in sed lacus. Nunc id urna quis tellus eleifend pulvinar eu sagittis nisi. Nunc quam purus, pharetra ut ipsum nec, convallis rutrum magna. Donec ut mi mauris. Cras risus justo, aliquet vitae congue a, elementum a enim', 'FPT-2.jpg', 1, 0, 1, 1, NULL, NULL),
(2, '300 tỷ đồng phát triển giáo dục mầm non ', 'Bộ Giáo dục và Đào tạo đang xây dựng chương trình, mục tiêu quốc gia về giáo dục giai đoạn 2011-2015, trong đó dự kiến chi 300 tỷ đồng để phát triển giáo dục mầm non năm 2011. ', 'Mauris rhoncus a nulla ut sollicitudin. Curabitur interdum turpis non lacus posuere, eu hendrerit nisi ornare. In hac habitasse platea dictumst. Ut euismod quis lorem quis efficitur. Aliquam tempus mattis iaculis. Duis at lacus id nunc porttitor faucibus. Nullam pretium egestas fringilla. Aenean at tellus a elit molestie dignissim in sed lacus. Nunc id urna quis tellus eleifend pulvinar eu sagittis nisi. Nunc quam purus, pharetra ut ipsum nec, convallis rutrum magna. Donec ut mi mauris. Cras risus justo, aliquet vitae congue a, elementum a enim', 'tre_em_set_sub.jpg', 1, 0, 1, 1, NULL, NULL),
(3, 'Nợ giáo viên tiền tỷ chi phí phổ cập giáo dục ', 'Ba năm qua, nhiều giáo viên ở Khánh Hòa bỏ công sức, kể cả tiền bạc để thực hiện phổ cập giáo dục cho học sinh trên địa bàn tỉnh, song đến nay vẫn chưa nhận được tiền chính quyền chi trả. ', 'Mauris rhoncus a nulla ut sollicitudin. Curabitur interdum turpis non lacus posuere, eu hendrerit nisi ornare. In hac habitasse platea dictumst. Ut euismod quis lorem quis efficitur. Aliquam tempus mattis iaculis. Duis at lacus id nunc porttitor faucibus. Nullam pretium egestas fringilla. Aenean at tellus a elit molestie dignissim in sed lacus. Nunc id urna quis tellus eleifend pulvinar eu sagittis nisi. Nunc quam purus, pharetra ut ipsum nec, convallis rutrum magna. Donec ut mi mauris. Cras risus justo, aliquet vitae congue a, elementum a enim', 'pho-cap-giao-duc-nho-2.jpg', 1, 0, 1, 1, NULL, NULL),
(4, 'Đón và chăm sóc trẻ sau giờ tan trường qua dịch vụ ', 'Các bé sẽ được chăm sóc bữa ăn, tắm rửa sạch sẽ, vui chơi và học tập cùng cô giáo theo các nội dung trong sổ báo bài, mở rộng hoặc đào sâu kiến thức theo yêu cầu của phụ huynh. ', 'Mauris rhoncus a nulla ut sollicitudin. Curabitur interdum turpis non lacus posuere, eu hendrerit nisi ornare. In hac habitasse platea dictumst. Ut euismod quis lorem quis efficitur. Aliquam tempus mattis iaculis. Duis at lacus id nunc porttitor faucibus. Nullam pretium egestas fringilla. Aenean at tellus a elit molestie dignissim in sed lacus. Nunc id urna quis tellus eleifend pulvinar eu sagittis nisi. Nunc quam purus, pharetra ut ipsum nec, convallis rutrum magna. Donec ut mi mauris. Cras risus justo, aliquet vitae congue a, elementum a enim', 'be-2.jpg', 1, 0, 1, 1, NULL, NULL),
(5, '7 học sinh rơi từ tầng hai xuống đất vì gãy lan can ', 'Đang giờ ra chơi, bất ngờ toàn bộ lan can tầng hai của Trường THCS thị trấn Chợ Rã (Bắc Kạn) gãy đổ ra ngoài, kéo theo 7 học sinh lớp 6A rơi xuống đất. ', 'Mauris rhoncus a nulla ut sollicitudin. Curabitur interdum turpis non lacus posuere, eu hendrerit nisi ornare. In hac habitasse platea dictumst. Ut euismod quis lorem quis efficitur. Aliquam tempus mattis iaculis. Duis at lacus id nunc porttitor faucibus. Nullam pretium egestas fringilla. Aenean at tellus a elit molestie dignissim in sed lacus. Nunc id urna quis tellus eleifend pulvinar eu sagittis nisi. Nunc quam purus, pharetra ut ipsum nec, convallis rutrum magna. Donec ut mi mauris. Cras risus justo, aliquet vitae congue a, elementum a enim', 'tai_nan_set_top.gif', 1, 0, 1, 1, NULL, NULL),
(6, 'Giáo viên TP HCM được thưởng tết tối thiểu 700.000 đồng ', 'Sở GD&ĐT TP HCM vừa có thông báo về việc UBND thành phố chấp thuận đề nghị hỗ trợ mức quà tết cho cán bộ công chức trong ngành tối thiểu là 700.000 đồng. Mức thưởng này cao hơn năm ngoái 100.000 đồng. ', 'Mauris rhoncus a nulla ut sollicitudin. Curabitur interdum turpis non lacus posuere, eu hendrerit nisi ornare. In hac habitasse platea dictumst. Ut euismod quis lorem quis efficitur. Aliquam tempus mattis iaculis. Duis at lacus id nunc porttitor faucibus. Nullam pretium egestas fringilla. Aenean at tellus a elit molestie dignissim in sed lacus. Nunc id urna quis tellus eleifend pulvinar eu sagittis nisi. Nunc quam purus, pharetra ut ipsum nec, convallis rutrum magna. Donec ut mi mauris. Cras risus justo, aliquet vitae congue a, elementum a enim', 'thuong-tet-3.jpg', 1, 0, 1, 1, NULL, NULL),
(7, 'Mức sinh hoạt phí tối đa cho lưu học sinh là 1.200 USD ', 'Đối với lưu học sinh tại Ba Lan, Bungary, Nga..., mức sinh hoạt phí sẽ tăng từ 400 USD lên 480 USD; tại Australia, New Zealand tăng từ 860 USD lên 1.032 USD và tại Mỹ, Canada, Anh, Nhật Bản tăng từ 1.000 lên 1.200 USD một người một tháng... ', 'Mauris rhoncus a nulla ut sollicitudin. Curabitur interdum turpis non lacus posuere, eu hendrerit nisi ornare. In hac habitasse platea dictumst. Ut euismod quis lorem quis efficitur. Aliquam tempus mattis iaculis. Duis at lacus id nunc porttitor faucibus. Nullam pretium egestas fringilla. Aenean at tellus a elit molestie dignissim in sed lacus. Nunc id urna quis tellus eleifend pulvinar eu sagittis nisi. Nunc quam purus, pharetra ut ipsum nec, convallis rutrum magna. Donec ut mi mauris. Cras risus justo, aliquet vitae congue a, elementum a enim', 'du_hoc_sinh_set_sub.jpg', 1, 0, 1, 1, NULL, NULL),
(8, 'Học sinh Hà Nội được nghỉ 11 ngày Tết ', 'UBND thành phố Hà Nội vừa đồng ý với đề xuất của Sở Giáo dục và Đào tạo về việc cho học sinh nghỉ tết Tết Nguyên đán Tân Mão 11 ngày. ', 'Mauris rhoncus a nulla ut sollicitudin. Curabitur interdum turpis non lacus posuere, eu hendrerit nisi ornare. In hac habitasse platea dictumst. Ut euismod quis lorem quis efficitur. Aliquam tempus mattis iaculis. Duis at lacus id nunc porttitor faucibus. Nullam pretium egestas fringilla. Aenean at tellus a elit molestie dignissim in sed lacus. Nunc id urna quis tellus eleifend pulvinar eu sagittis nisi. Nunc quam purus, pharetra ut ipsum nec, convallis rutrum magna. Donec ut mi mauris. Cras risus justo, aliquet vitae congue a, elementum a enim', 't2.jpg', 1, 0, 1, 1, NULL, NULL),
(9, 'Hàng trăm nghìn học sinh nghỉ học vì giá rét ', 'Sớm nay, các trường tiểu học ở Hà Nội đều trưng biển thông báo nghỉ học do nhiệt độ ở mức 8 độ C. Một vài phụ huynh không theo dõi dự báo thời tiết vẫn đưa con đến trường và ngậm ngùi quay xe ra về. ', 'Mauris rhoncus a nulla ut sollicitudin. Curabitur interdum turpis non lacus posuere, eu hendrerit nisi ornare. In hac habitasse platea dictumst. Ut euismod quis lorem quis efficitur. Aliquam tempus mattis iaculis. Duis at lacus id nunc porttitor faucibus. Nullam pretium egestas fringilla. Aenean at tellus a elit molestie dignissim in sed lacus. Nunc id urna quis tellus eleifend pulvinar eu sagittis nisi. Nunc quam purus, pharetra ut ipsum nec, convallis rutrum magna. Donec ut mi mauris. Cras risus justo, aliquet vitae congue a, elementum a enim', 'phu_huynh_xem_lich_nghi_hoc_set_sub.jpg', 1, 0, 1, 1, NULL, NULL),
(10, 'Phương pháp Mathnasium giúp trẻ yêu thích môn toán ', 'Phương pháp dạy toán Mathnasium với 5 kỹ thuật giảng dạy bổ sung nhau, giúp trẻ em tiếp thu kiến thức toán hiệu quả, không cảm thấy áp lực và nhàm chán. ', 'Mauris rhoncus a nulla ut sollicitudin. Curabitur interdum turpis non lacus posuere, eu hendrerit nisi ornare. In hac habitasse platea dictumst. Ut euismod quis lorem quis efficitur. Aliquam tempus mattis iaculis. Duis at lacus id nunc porttitor faucibus. Nullam pretium egestas fringilla. Aenean at tellus a elit molestie dignissim in sed lacus. Nunc id urna quis tellus eleifend pulvinar eu sagittis nisi. Nunc quam purus, pharetra ut ipsum nec, convallis rutrum magna. Donec ut mi mauris. Cras risus justo, aliquet vitae congue a, elementum a enim', 'hinh_250x195[1]_JPG_thumb210x0_ns.jpg', 1, 0, 1, 1, NULL, NULL),
(11, 'Những nụ hôn ngọt ngào trong đêm tình nhân ', 'Tối 13/2, hàng nghìn bạn trẻ có mặt tại cầu Ánh Sao (quận 7, TP HCM) chứng kiến những lời tỏ tình cùng những nụ hôn ngọt ngào của 100 cặp tình nhân trong \"Đêm Valentine thế kỷ\". ', 'Mauris rhoncus a nulla ut sollicitudin. Curabitur interdum turpis non lacus posuere, eu hendrerit nisi ornare. In hac habitasse platea dictumst. Ut euismod quis lorem quis efficitur. Aliquam tempus mattis iaculis. Duis at lacus id nunc porttitor faucibus. Nullam pretium egestas fringilla. Aenean at tellus a elit molestie dignissim in sed lacus. Nunc id urna quis tellus eleifend pulvinar eu sagittis nisi. Nunc quam purus, pharetra ut ipsum nec, convallis rutrum magna. Donec ut mi mauris. Cras risus justo, aliquet vitae congue a, elementum a enim', '250h_jpg_thumb210x0_ns.jpg', 1, 0, 2, 1, NULL, NULL),
(12, 'Hot girl tâm sự về ngày Valentine ', 'Một bông hồng trắng bằng khăn giấy, chiếc xe đạp gắn đầy hoa, hay bài thơ của chàng \"thi sĩ\" vô danh gửi tặng… là những món quà đầy ấn tượng mà hot girl Midu từng nhận được trong các mùa Valentine. ', 'Mauris rhoncus a nulla ut sollicitudin. Curabitur interdum turpis non lacus posuere, eu hendrerit nisi ornare. In hac habitasse platea dictumst. Ut euismod quis lorem quis efficitur. Aliquam tempus mattis iaculis. Duis at lacus id nunc porttitor faucibus. Nullam pretium egestas fringilla. Aenean at tellus a elit molestie dignissim in sed lacus. Nunc id urna quis tellus eleifend pulvinar eu sagittis nisi. Nunc quam purus, pharetra ut ipsum nec, convallis rutrum magna. Donec ut mi mauris. Cras risus justo, aliquet vitae congue a, elementum a enim', 'hot-girl-valentine-2.jpg', 1, 0, 2, 1, NULL, NULL),
(13, 'Nên duyên chồng vợ từ mạng mai mối ', 'Quen nhau qua trang web kết bạn, để chiếm được tình cảm của cô nàng cao tới 1,71 m, chàng trai cao 1,58 m kiên trì tỏ tình tới 10 lần và hạnh phúc đã mỉm cười với họ. ', 'Mauris rhoncus a nulla ut sollicitudin. Curabitur interdum turpis non lacus posuere, eu hendrerit nisi ornare. In hac habitasse platea dictumst. Ut euismod quis lorem quis efficitur. Aliquam tempus mattis iaculis. Duis at lacus id nunc porttitor faucibus. Nullam pretium egestas fringilla. Aenean at tellus a elit molestie dignissim in sed lacus. Nunc id urna quis tellus eleifend pulvinar eu sagittis nisi. Nunc quam purus, pharetra ut ipsum nec, convallis rutrum magna. Donec ut mi mauris. Cras risus justo, aliquet vitae congue a, elementum a enim', 'cap_doi_hoan_hao_set_sub.jpg', 1, 0, 2, 1, NULL, NULL),
(14, 'Những món quà Valentine làm từ tình yêu ', 'Cặm cụi cả tuần để thêu móc chìa khóa bằng len tặng người yêu, làm tranh bằng chính những hạt đỗ \"kỷ niệm ngày quen nhau\" của hai đứa là cách mà giới trẻ đang làm để tặng người yêu dịp lễ Valentine. ', 'Mauris rhoncus a nulla ut sollicitudin. Curabitur interdum turpis non lacus posuere, eu hendrerit nisi ornare. In hac habitasse platea dictumst. Ut euismod quis lorem quis efficitur. Aliquam tempus mattis iaculis. Duis at lacus id nunc porttitor faucibus. Nullam pretium egestas fringilla. Aenean at tellus a elit molestie dignissim in sed lacus. Nunc id urna quis tellus eleifend pulvinar eu sagittis nisi. Nunc quam purus, pharetra ut ipsum nec, convallis rutrum magna. Donec ut mi mauris. Cras risus justo, aliquet vitae congue a, elementum a enim', 'socola_set_sub.jpg', 1, 0, 2, 1, NULL, NULL),
(15, '100 cặp tình nhân hôn nhau trên khinh khí cầu ', '100 cặp tình nhân sẽ trao nhau nụ hôn trên khinh khí cầu và được tặng một bó hoa với 999 nụ hồng xanh, nhận \"lời cầu hôn của thần Cupid\"... trong lễ hội Valentine sẽ được tổ chức tại cầu Ánh Sao (quận 7, TP HCM) tối 13/2. ', 'Mauris rhoncus a nulla ut sollicitudin. Curabitur interdum turpis non lacus posuere, eu hendrerit nisi ornare. In hac habitasse platea dictumst. Ut euismod quis lorem quis efficitur. Aliquam tempus mattis iaculis. Duis at lacus id nunc porttitor faucibus. Nullam pretium egestas fringilla. Aenean at tellus a elit molestie dignissim in sed lacus. Nunc id urna quis tellus eleifend pulvinar eu sagittis nisi. Nunc quam purus, pharetra ut ipsum nec, convallis rutrum magna. Donec ut mi mauris. Cras risus justo, aliquet vitae congue a, elementum a enim', 'valentine22.jpg', 1, 0, 2, 1, NULL, NULL),
(16, 'Nhà thám hiểm 9 tuổi đặt chân tới Nam Cực ', 'Vượt qua hành trình dài nhiều ngày, Phạm Vũ Thiều Quang, cậu bé 9 tuổi đã cùng bố đặt chân tới Nam Cực vào chiều mùng 1 Tết. Cậu bé đã trở thành người châu Á trẻ tuổi nhất đặt chân tới vùng đất này. ', 'Mauris rhoncus a nulla ut sollicitudin. Curabitur interdum turpis non lacus posuere, eu hendrerit nisi ornare. In hac habitasse platea dictumst. Ut euismod quis lorem quis efficitur. Aliquam tempus mattis iaculis. Duis at lacus id nunc porttitor faucibus. Nullam pretium egestas fringilla. Aenean at tellus a elit molestie dignissim in sed lacus. Nunc id urna quis tellus eleifend pulvinar eu sagittis nisi. Nunc quam purus, pharetra ut ipsum nec, convallis rutrum magna. Donec ut mi mauris. Cras risus justo, aliquet vitae congue a, elementum a enim', 'top-2.jpg', 1, 0, 2, 1, NULL, NULL),
(17, 'Giới trẻ nô nức xin chữ đầu năm ', '9h sáng mùng 4 Tết dòng người kéo đến Văn miếu Quốc Tử Giám đông nghẹt. Nhiều bạn trẻ đứng chen chân hàng tiếng đồng hồ để xin được chữ: Trạng nguyên, Đỗ đạt, Trí, Nhân... khi xuân về. ', 'Mauris rhoncus a nulla ut sollicitudin. Curabitur interdum turpis non lacus posuere, eu hendrerit nisi ornare. In hac habitasse platea dictumst. Ut euismod quis lorem quis efficitur. Aliquam tempus mattis iaculis. Duis at lacus id nunc porttitor faucibus. Nullam pretium egestas fringilla. Aenean at tellus a elit molestie dignissim in sed lacus. Nunc id urna quis tellus eleifend pulvinar eu sagittis nisi. Nunc quam purus, pharetra ut ipsum nec, convallis rutrum magna. Donec ut mi mauris. Cras risus justo, aliquet vitae congue a, elementum a enim', 'tre-1.jpg', 1, 0, 2, 1, NULL, NULL),
(18, 'Mong ước đầu năm của giới trẻ ', 'Trong năm mới, chàng thủ khoa ĐH Ngoại thương Tăng Văn Bình quyết tâm trau dồi ngoại ngữ để thực hiện ước mơ du học, còn Miss Teen Diễm Trang sẽ dành nhiều thời gian hơn cho hoạt động xã hội, giao lưu quốc tế. ', 'Mauris rhoncus a nulla ut sollicitudin. Curabitur interdum turpis non lacus posuere, eu hendrerit nisi ornare. In hac habitasse platea dictumst. Ut euismod quis lorem quis efficitur. Aliquam tempus mattis iaculis. Duis at lacus id nunc porttitor faucibus. Nullam pretium egestas fringilla. Aenean at tellus a elit molestie dignissim in sed lacus. Nunc id urna quis tellus eleifend pulvinar eu sagittis nisi. Nunc quam purus, pharetra ut ipsum nec, convallis rutrum magna. Donec ut mi mauris. Cras risus justo, aliquet vitae congue a, elementum a enim', 'diem-trang-2.jpg', 1, 0, 2, 1, NULL, NULL),
(19, 'Giám đốc tuổi mèo và thành tích đáng nể ', 'Học hết lớp 9, Nguyễn Hữu Năm phải nghỉ học vì nhà nghèo lại đông con, nhưng chàng trai đất Chương Mỹ (Hà Nội) đã xuất sắc giành nhiều giải thưởng sáng tạo trẻ và hiện là chủ công ty chuyên về chế tạo máy. ', 'Mauris rhoncus a nulla ut sollicitudin. Curabitur interdum turpis non lacus posuere, eu hendrerit nisi ornare. In hac habitasse platea dictumst. Ut euismod quis lorem quis efficitur. Aliquam tempus mattis iaculis. Duis at lacus id nunc porttitor faucibus. Nullam pretium egestas fringilla. Aenean at tellus a elit molestie dignissim in sed lacus. Nunc id urna quis tellus eleifend pulvinar eu sagittis nisi. Nunc quam purus, pharetra ut ipsum nec, convallis rutrum magna. Donec ut mi mauris. Cras risus justo, aliquet vitae congue a, elementum a enim', 'Nguyen_Huu_Nam_set_sub.jpg', 1, 0, 2, 1, NULL, NULL),
(20, 'Học sinh vùng cao nghỉ Tết kéo dài vì giá rét', 'Học sinh Hà Giang có thể nghỉ Tết Tân Mão gần 20 ngày còn học sinh Lào Cai được nghỉ Tết hơn các vùng khác 3 ngày để tránh giá rét. ', 'Mauris rhoncus a nulla ut sollicitudin. Curabitur interdum turpis non lacus posuere, eu hendrerit nisi ornare. In hac habitasse platea dictumst. Ut euismod quis lorem quis efficitur. Aliquam tempus mattis iaculis. Duis at lacus id nunc porttitor faucibus. Nullam pretium egestas fringilla. Aenean at tellus a elit molestie dignissim in sed lacus. Nunc id urna quis tellus eleifend pulvinar eu sagittis nisi. Nunc quam purus, pharetra ut ipsum nec, convallis rutrum magna. Donec ut mi mauris. Cras risus justo, aliquet vitae congue a, elementum a enim', 'sapa9.jpg', 1, 0, 1, 1, NULL, NULL),
(21, 'Không để thí sinh đăng ký đại học như chơi xổ số', '\"Chúng ta không thể để học sinh đăng ký nguyện vọng như chơi sổ xố, đến cuối cùng mới biết kết quả. Hãy để các em thấy rõ cơ hội của mình\", Bộ trưởng GD&ĐT Phạm Vũ Luận phát biểu tại Hội nghị tuyển sinh sáng 18/2. ', 'Mauris rhoncus a nulla ut sollicitudin. Curabitur interdum turpis non lacus posuere, eu hendrerit nisi ornare. In hac habitasse platea dictumst. Ut euismod quis lorem quis efficitur. Aliquam tempus mattis iaculis. Duis at lacus id nunc porttitor faucibus. Nullam pretium egestas fringilla. Aenean at tellus a elit molestie dignissim in sed lacus. Nunc id urna quis tellus eleifend pulvinar eu sagittis nisi. Nunc quam purus, pharetra ut ipsum nec, convallis rutrum magna. Donec ut mi mauris. Cras risus justo, aliquet vitae congue a, elementum a enim', 'Pham_Vu_Luan.jpg', 1, 0, 1, 1, NULL, NULL),
(22, 'Chụp ảnh cưới tại Flamingo Đại Lải Resort ', 'Với hệ sinh thái độc đáo gồm đảo với đàn chim hàng nghìn con cùng nhiều hồ, suối, bán đảo… Flamingo Đại Lải Resort là điểm đến cho các đôi uyên ương muốn tìm nơi lưu giữ khoảnh khắc trăm năm và nghỉ dưỡng cuối tuần. ', 'Mauris rhoncus a nulla ut sollicitudin. Curabitur interdum turpis non lacus posuere, eu hendrerit nisi ornare. In hac habitasse platea dictumst. Ut euismod quis lorem quis efficitur. Aliquam tempus mattis iaculis. Duis at lacus id nunc porttitor faucibus. Nullam pretium egestas fringilla. Aenean at tellus a elit molestie dignissim in sed lacus. Nunc id urna quis tellus eleifend pulvinar eu sagittis nisi. Nunc quam purus, pharetra ut ipsum nec, convallis rutrum magna. Donec ut mi mauris. Cras risus justo, aliquet vitae congue a, elementum a enim', 'New_Imagesp2.jpg', 1, 0, 1, 1, NULL, NULL),
(23, 'Hỗ trợ gần 3.000 vé xe tết cho sinh viên', 'Mỗi khi máy bay sắp hạ cánh xuống sân bay Suvarnabhumi, tôi đều có cảm giác mình sắp được trở về nhà, về quê hương thân thương thứ hai của mình. Bạn Đặng Quốc Chí chia sẻ.Khoảng 2.700 sinh viên ngoại tỉnh có hoàn cảnh khó khăn, đang học tập tại TP HCM sẽ được tặng vé xe miễn phí về quê trong dịp tết Tân Mão.', 'Mauris rhoncus a nulla ut sollicitudin. Curabitur interdum turpis non lacus posuere, eu hendrerit nisi ornare. In hac habitasse platea dictumst. Ut euismod quis lorem quis efficitur. Aliquam tempus mattis iaculis. Duis at lacus id nunc porttitor faucibus. Nullam pretium egestas fringilla. Aenean at tellus a elit molestie dignissim in sed lacus. Nunc id urna quis tellus eleifend pulvinar eu sagittis nisi. Nunc quam purus, pharetra ut ipsum nec, convallis rutrum magna. Donec ut mi mauris. Cras risus justo, aliquet vitae congue a, elementum a enim', 'sinhvien[1]_1.jpg', 1, 0, 1, 1, NULL, NULL),
(24, 'Một mình ở Thái Lan ', 'Không quá ồn ã tấp nập như Hong Kong, hay quá yên bình như Hội An, Bangkok khiến cho tôi cảm thấy vô cùng phấn khích, tựa hồ như vừa thức giấc sau một cơn ngủ say. Bạn Nguyễn Anh Ngọc viết. ', 'Mauris rhoncus a nulla ut sollicitudin. Curabitur interdum turpis non lacus posuere, eu hendrerit nisi ornare. In hac habitasse platea dictumst. Ut euismod quis lorem quis efficitur. Aliquam tempus mattis iaculis. Duis at lacus id nunc porttitor faucibus. Nullam pretium egestas fringilla. Aenean at tellus a elit molestie dignissim in sed lacus. Nunc id urna quis tellus eleifend pulvinar eu sagittis nisi. Nunc quam purus, pharetra ut ipsum nec, convallis rutrum magna. Donec ut mi mauris. Cras risus justo, aliquet vitae congue a, elementum a enim', 'top1.jpg', 1, 0, 3, 1, NULL, NULL),
(25, 'Trai Hà thành trổ tài vật cầu đầu xuân', 'Những pha tranh cướp quyết liệt cùng những tiếng cười vui là hình ảnh về lễ hội vật cầu đầu xuân của các thanh niên làng Thúy Lĩnh, quận Hoàng Mai (Hà Nội), diễn ra chiều 8/2 (6 Tết). ', 'Mauris rhoncus a nulla ut sollicitudin. Curabitur interdum turpis non lacus posuere, eu hendrerit nisi ornare. In hac habitasse platea dictumst. Ut euismod quis lorem quis efficitur. Aliquam tempus mattis iaculis. Duis at lacus id nunc porttitor faucibus. Nullam pretium egestas fringilla. Aenean at tellus a elit molestie dignissim in sed lacus. Nunc id urna quis tellus eleifend pulvinar eu sagittis nisi. Nunc quam purus, pharetra ut ipsum nec, convallis rutrum magna. Donec ut mi mauris. Cras risus justo, aliquet vitae congue a, elementum a enim', '130.jpg', 1, 0, 3, 1, NULL, NULL),
(26, 'Các bãi biển Đà Nẵng đồng loạt thả chim bồ câu ', 'Sáng nay, Ban quản lý bán đảo Sơn Trà và các bãi biển du lịch thành phố Đà Nẵng đã tổ chức thả chim bồ câu, phát động xây dựng vườn chim hòa bình tại công viên biển Đông. ', 'Mauris rhoncus a nulla ut sollicitudin. Curabitur interdum turpis non lacus posuere, eu hendrerit nisi ornare. In hac habitasse platea dictumst. Ut euismod quis lorem quis efficitur. Aliquam tempus mattis iaculis. Duis at lacus id nunc porttitor faucibus. Nullam pretium egestas fringilla. Aenean at tellus a elit molestie dignissim in sed lacus. Nunc id urna quis tellus eleifend pulvinar eu sagittis nisi. Nunc quam purus, pharetra ut ipsum nec, convallis rutrum magna. Donec ut mi mauris. Cras risus justo, aliquet vitae congue a, elementum a enim', 'thachim2.jpg', 1, 0, 3, 1, NULL, NULL),
(27, 'Đi tìm cây đa đại thụ hơn nghìn năm tuổi ', 'Chúng tôi thẳng tiến về Bán đảo Sơn Trà (Đà Nẵng) nơi được mạnh danh là “Mắt thần Đông Dương”. Mục tiêu của chúng tôi là khám phá cây đa cổ thụ hơn nghìn năm tuổi. Đường dốc và ngoằn nghèo khiến du khách có cảm giác như bay lên thiên giới. Bạn Triệu Hòa chia sẻ. ', 'Mauris rhoncus a nulla ut sollicitudin. Curabitur interdum turpis non lacus posuere, eu hendrerit nisi ornare. In hac habitasse platea dictumst. Ut euismod quis lorem quis efficitur. Aliquam tempus mattis iaculis. Duis at lacus id nunc porttitor faucibus. Nullam pretium egestas fringilla. Aenean at tellus a elit molestie dignissim in sed lacus. Nunc id urna quis tellus eleifend pulvinar eu sagittis nisi. Nunc quam purus, pharetra ut ipsum nec, convallis rutrum magna. Donec ut mi mauris. Cras risus justo, aliquet vitae congue a, elementum a enim', 'cayda2.jpg', 1, 0, 3, 1, NULL, NULL),
(28, 'Rêu nảy lộc xuân trên phố cổ Hội An', 'Trong màn sương lãng đãng, phố cổ Hội An hiện ra như bức tranh bình dị mà sâu lắng. Rêu nảy lộc trên từng ngõ phố, bật mầm trên từng mái ngói cũ xưa gieo nhớ thương, neo lòng du khách trong khoảnh khắc mùa xuân đang về. ', 'Mauris rhoncus a nulla ut sollicitudin. Curabitur interdum turpis non lacus posuere, eu hendrerit nisi ornare. In hac habitasse platea dictumst. Ut euismod quis lorem quis efficitur. Aliquam tempus mattis iaculis. Duis at lacus id nunc porttitor faucibus. Nullam pretium egestas fringilla. Aenean at tellus a elit molestie dignissim in sed lacus. Nunc id urna quis tellus eleifend pulvinar eu sagittis nisi. Nunc quam purus, pharetra ut ipsum nec, convallis rutrum magna. Donec ut mi mauris. Cras risus justo, aliquet vitae congue a, elementum a enim', 'a-top-2-reu-xuan-HA.jpg', 1, 0, 3, 1, NULL, NULL),
(29, '50.000 du khách đến Huế ăn Tết ', 'Lượng khách du lịch đến tỉnh Thừa Thiên - Huế ăn Tết năm nay tăng mạnh. Dự kiến sẽ có khoảng 50.000 du khách trong và ngoài nước đến cố đô, tăng khoảng 20.000 khách so với Tết năm trước ', 'Mauris rhoncus a nulla ut sollicitudin. Curabitur interdum turpis non lacus posuere, eu hendrerit nisi ornare. In hac habitasse platea dictumst. Ut euismod quis lorem quis efficitur. Aliquam tempus mattis iaculis. Duis at lacus id nunc porttitor faucibus. Nullam pretium egestas fringilla. Aenean at tellus a elit molestie dignissim in sed lacus. Nunc id urna quis tellus eleifend pulvinar eu sagittis nisi. Nunc quam purus, pharetra ut ipsum nec, convallis rutrum magna. Donec ut mi mauris. Cras risus justo, aliquet vitae congue a, elementum a enim', 'set.jpg', 1, 0, 3, 1, NULL, NULL),
(30, '4 độc giả viết về du lịch Thái Lan được tặng quà', 'Trong số nhiều độc giả gửi bài tham dự cuộc thi viết \"Trải nghiệm kỳ thú khi du lịch Thái Lan\", Ban biên tập đã lựa chọn 4 bài viết để trao quà tặng cho tháng 1. ', 'Mauris rhoncus a nulla ut sollicitudin. Curabitur interdum turpis non lacus posuere, eu hendrerit nisi ornare. In hac habitasse platea dictumst. Ut euismod quis lorem quis efficitur. Aliquam tempus mattis iaculis. Duis at lacus id nunc porttitor faucibus. Nullam pretium egestas fringilla. Aenean at tellus a elit molestie dignissim in sed lacus. Nunc id urna quis tellus eleifend pulvinar eu sagittis nisi. Nunc quam purus, pharetra ut ipsum nec, convallis rutrum magna. Donec ut mi mauris. Cras risus justo, aliquet vitae congue a, elementum a enim', 'a3.jpg', 1, 0, 3, 1, NULL, NULL),
(31, 'Lễ hội thổ dân nơi tận cùng thế giới ', 'Lễ hội thổ dân ở thung lũng Baliem, trên hòn đảo West Papua New Guinea thuộc Indonesia là một điểm nhấn văn hóa mang đậm hơi thở của những bộ tộc hoang dã nhất hành tinh. Bạn Trần Thu Thủy chia sẻ.', 'Mauris rhoncus a nulla ut sollicitudin. Curabitur interdum turpis non lacus posuere, eu hendrerit nisi ornare. In hac habitasse platea dictumst. Ut euismod quis lorem quis efficitur. Aliquam tempus mattis iaculis. Duis at lacus id nunc porttitor faucibus. Nullam pretium egestas fringilla. Aenean at tellus a elit molestie dignissim in sed lacus. Nunc id urna quis tellus eleifend pulvinar eu sagittis nisi. Nunc quam purus, pharetra ut ipsum nec, convallis rutrum magna. Donec ut mi mauris. Cras risus justo, aliquet vitae congue a, elementum a enim', '7.jpg', 1, 0, 3, 1, NULL, NULL),
(32, 'Người Hà Nội du xuân phương Nam tránh rét', 'Lo ngại giá lạnh trong ngày Tết, nhiều gia đình ở Hà Nội đã lên kế hoạch du xuân phương Nam. Một số công ty du lịch cũng tung ra chương trình tour đáp ứng nhu cầu du khách, đặc biệt là người lớn tuổi.', 'Mauris rhoncus a nulla ut sollicitudin. Curabitur interdum turpis non lacus posuere, eu hendrerit nisi ornare. In hac habitasse platea dictumst. Ut euismod quis lorem quis efficitur. Aliquam tempus mattis iaculis. Duis at lacus id nunc porttitor faucibus. Nullam pretium egestas fringilla. Aenean at tellus a elit molestie dignissim in sed lacus. Nunc id urna quis tellus eleifend pulvinar eu sagittis nisi. Nunc quam purus, pharetra ut ipsum nec, convallis rutrum magna. Donec ut mi mauris. Cras risus justo, aliquet vitae congue a, elementum a enim', 'thanh-pho1.jpg', 1, 0, 3, 1, NULL, NULL),
(33, 'Tôi đi trốn rét ở Thái Lan', 'Với tour tự do đi trốn rét này, được bạn người Thái hướng dẫn, chúng tôi thăm thú mấy đô thị nhỏ lân cận Pattaya, đều trong tỉnh Chonburi, Đông Nam nước Thái. Bạn An Bình chia sẻ.', 'Mauris rhoncus a nulla ut sollicitudin. Curabitur interdum turpis non lacus posuere, eu hendrerit nisi ornare. In hac habitasse platea dictumst. Ut euismod quis lorem quis efficitur. Aliquam tempus mattis iaculis. Duis at lacus id nunc porttitor faucibus. Nullam pretium egestas fringilla. Aenean at tellus a elit molestie dignissim in sed lacus. Nunc id urna quis tellus eleifend pulvinar eu sagittis nisi. Nunc quam purus, pharetra ut ipsum nec, convallis rutrum magna. Donec ut mi mauris. Cras risus justo, aliquet vitae congue a, elementum a enim', 'thai1.jpg', 1, 0, 3, 1, NULL, NULL),
(34, '3 tiêu đề và biểu tượng du lịch Việt Nam đoạt giải cao', 'Tối 26/1, Tổng cục Du lịch đã công bố và trao giải cuộc thi \"Tiêu đề - Biểu tượng\" cho chương trình xúc tiến du lịch Việt Nam giai đoạn 2011 - 2015.', 'Mauris rhoncus a nulla ut sollicitudin. Curabitur interdum turpis non lacus posuere, eu hendrerit nisi ornare. In hac habitasse platea dictumst. Ut euismod quis lorem quis efficitur. Aliquam tempus mattis iaculis. Duis at lacus id nunc porttitor faucibus. Nullam pretium egestas fringilla. Aenean at tellus a elit molestie dignissim in sed lacus. Nunc id urna quis tellus eleifend pulvinar eu sagittis nisi. Nunc quam purus, pharetra ut ipsum nec, convallis rutrum magna. Donec ut mi mauris. Cras risus justo, aliquet vitae congue a, elementum a enim', 'logo6.jpg', 1, 0, 3, 1, NULL, NULL),
(35, 'Bangkok và Pattaya, gió và những đêm không ngủ', '\"Ngày ở Pattaya, tôi được thử cảm giác đi xe nghịch hướng. Ngồi sau xe máy, làn gió làm bay tóc, những ánh đèn pha ngược chiều, ngược cả hướng làm tôi hơi lo sợ, tôi thấy bờ vai che chở lúc này thật là... hữu dụng\", bạn Thuc Nga chia sẻ.', 'Mauris rhoncus a nulla ut sollicitudin. Curabitur interdum turpis non lacus posuere, eu hendrerit nisi ornare. In hac habitasse platea dictumst. Ut euismod quis lorem quis efficitur. Aliquam tempus mattis iaculis. Duis at lacus id nunc porttitor faucibus. Nullam pretium egestas fringilla. Aenean at tellus a elit molestie dignissim in sed lacus. Nunc id urna quis tellus eleifend pulvinar eu sagittis nisi. Nunc quam purus, pharetra ut ipsum nec, convallis rutrum magna. Donec ut mi mauris. Cras risus justo, aliquet vitae congue a, elementum a enim', 'Cho-Noi-Pattaya1.jpg', 1, 0, 3, 1, NULL, NULL),
(36, 'Ngôi đền cổ Phimai', 'Phimai xưa kia từng được xem là một trong những thành phố quan trọng của người Khmer. Kiến trúc và điêu khắc của đền được xem là cùng thời kỳ với kiến trúc của Bayon, Baphuon và Angkor Wat.', 'Mauris rhoncus a nulla ut sollicitudin. Curabitur interdum turpis non lacus posuere, eu hendrerit nisi ornare. In hac habitasse platea dictumst. Ut euismod quis lorem quis efficitur. Aliquam tempus mattis iaculis. Duis at lacus id nunc porttitor faucibus. Nullam pretium egestas fringilla. Aenean at tellus a elit molestie dignissim in sed lacus. Nunc id urna quis tellus eleifend pulvinar eu sagittis nisi. Nunc quam purus, pharetra ut ipsum nec, convallis rutrum magna. Donec ut mi mauris. Cras risus justo, aliquet vitae congue a, elementum a enim', 'den4.jpg', 1, 0, 3, 1, NULL, NULL),
(37, 'Tour Tết Tân Mão giá ưu đãi', 'Công ty cổ phần Truyền thông Du Lịch Việt đưa ra những chùm tour \"Tết Tân Mão\" ưu đãi như Singapore - Malaysia 7 ngày 6 đêm giá từ 699 USD, miền Trung 5 ngày 4 đêm giá đặc biệt từ 4,9 triệu đồng...', 'Mauris rhoncus a nulla ut sollicitudin. Curabitur interdum turpis non lacus posuere, eu hendrerit nisi ornare. In hac habitasse platea dictumst. Ut euismod quis lorem quis efficitur. Aliquam tempus mattis iaculis. Duis at lacus id nunc porttitor faucibus. Nullam pretium egestas fringilla. Aenean at tellus a elit molestie dignissim in sed lacus. Nunc id urna quis tellus eleifend pulvinar eu sagittis nisi. Nunc quam purus, pharetra ut ipsum nec, convallis rutrum magna. Donec ut mi mauris. Cras risus justo, aliquet vitae congue a, elementum a enim', 'hinh_1_400x300.JPG', 1, 0, 3, 1, NULL, NULL),
(38, 'Làng đào Hà Nội nín thở vì giá rét', 'Những người trồng hoa Nhật Tân, Tứ Liên (Hà Nội) như ngồi trên đống lửa vì lo giá rét có nguy cơ kéo dài. Một tháng trước Tết nhưng đào vẫn chưa có dấu hiệu gì đón xuân.', 'Mauris rhoncus a nulla ut sollicitudin. Curabitur interdum turpis non lacus posuere, eu hendrerit nisi ornare. In hac habitasse platea dictumst. Ut euismod quis lorem quis efficitur. Aliquam tempus mattis iaculis. Duis at lacus id nunc porttitor faucibus. Nullam pretium egestas fringilla. Aenean at tellus a elit molestie dignissim in sed lacus. Nunc id urna quis tellus eleifend pulvinar eu sagittis nisi. Nunc quam purus, pharetra ut ipsum nec, convallis rutrum magna. Donec ut mi mauris. Cras risus justo, aliquet vitae congue a, elementum a enim', 'HHH_9967.jpg', 1, 0, 3, 1, NULL, NULL),
(39, 'Gift Voucher ưu đãi tại Vinpearl Nha Trang', 'Vinpearl Nha Trang giới thiệu chương trình “Gift Voucher” - thẻ quà tặng dành cho khách. Theo đó, bạn sẽ được hưởng trực tiếp ưu đãi tại Vinpearl Nha Trang Resort & Spa từ 18% đến 40%, tùy từng thời điểm đặt phòng.', 'Mauris rhoncus a nulla ut sollicitudin. Curabitur interdum turpis non lacus posuere, eu hendrerit nisi ornare. In hac habitasse platea dictumst. Ut euismod quis lorem quis efficitur. Aliquam tempus mattis iaculis. Duis at lacus id nunc porttitor faucibus. Nullam pretium egestas fringilla. Aenean at tellus a elit molestie dignissim in sed lacus. Nunc id urna quis tellus eleifend pulvinar eu sagittis nisi. Nunc quam purus, pharetra ut ipsum nec, convallis rutrum magna. Donec ut mi mauris. Cras risus justo, aliquet vitae congue a, elementum a enim', '', 1, 0, 3, 1, NULL, NULL),
(40, 'Mai Châu mờ sương ngày đầu năm', 'Trong ngày đầu của năm mới 2011, khung cảnh ở bản Hang Kia, Mai Châu (Hòa Bình) hiện lên huyền ảo trong làn sương mịt mù. Sương mù kèm theo thời tiết giá lạnh 13 độ C tại Mai Châu sáng mùng 1 Tết Dương lịch. Một trong những ngôi nhà tại bản Hang Kia chìm trong sương. Xe máy đi lại khó khăn. Thời điểm giáp xuân, những cây hoa mận đã nở nhưng khó có thể nhận ra trong làn sương mờ ảo. Một người phụ nữ Mông cho gia cầm ăn. Những đứa trẻ cùng nhau chơi quay. Một em bé thiếu quần mặc trong giá rét. Hai mẹ con người dân tộc Mông sưởi ấm trong căn nhà gỗ. Những người đàn ông đang quây quần trong bữa cơm chào năm mới. Một người đàn ông trở về nhà cùng chiếc khèn.', 'Mauris rhoncus a nulla ut sollicitudin. Curabitur interdum turpis non lacus posuere, eu hendrerit nisi ornare. In hac habitasse platea dictumst. Ut euismod quis lorem quis efficitur. Aliquam tempus mattis iaculis. Duis at lacus id nunc porttitor faucibus. Nullam pretium egestas fringilla. Aenean at tellus a elit molestie dignissim in sed lacus. Nunc id urna quis tellus eleifend pulvinar eu sagittis nisi. Nunc quam purus, pharetra ut ipsum nec, convallis rutrum magna. Donec ut mi mauris. Cras risus justo, aliquet vitae congue a, elementum a enim', 'maichau1.jpg', 1, 0, 3, 1, NULL, NULL),
(41, 'Thi viết về những trải nghiệm kỳ thú ở Thái Lan', 'Mỗi tháng VnExpress.net sẽ tặng một cặp vé máy bay khứ hồi cho độc giả gửi bài viết hay nhất về du lịch trên đất nước Thái Lan. ', 'Mauris rhoncus a nulla ut sollicitudin. Curabitur interdum turpis non lacus posuere, eu hendrerit nisi ornare. In hac habitasse platea dictumst. Ut euismod quis lorem quis efficitur. Aliquam tempus mattis iaculis. Duis at lacus id nunc porttitor faucibus. Nullam pretium egestas fringilla. Aenean at tellus a elit molestie dignissim in sed lacus. Nunc id urna quis tellus eleifend pulvinar eu sagittis nisi. Nunc quam purus, pharetra ut ipsum nec, convallis rutrum magna. Donec ut mi mauris. Cras risus justo, aliquet vitae congue a, elementum a enim', 'chua-1.jpg', 1, 0, 3, 1, NULL, NULL),
(42, 'Trải nghiệm cảm giác sống chậm tại Côn Đảo', 'Sự vắng vẻ, phong cảnh tự nhiên cùng sự ra đời của khu nghỉ dưỡng cao cấp giúp Côn Đảo trở thành địa điểm lý tưởng cho người muốn trải nghiệm cảm giác sống chậm.', 'Mauris rhoncus a nulla ut sollicitudin. Curabitur interdum turpis non lacus posuere, eu hendrerit nisi ornare. In hac habitasse platea dictumst. Ut euismod quis lorem quis efficitur. Aliquam tempus mattis iaculis. Duis at lacus id nunc porttitor faucibus. Nullam pretium egestas fringilla. Aenean at tellus a elit molestie dignissim in sed lacus. Nunc id urna quis tellus eleifend pulvinar eu sagittis nisi. Nunc quam purus, pharetra ut ipsum nec, convallis rutrum magna. Donec ut mi mauris. Cras risus justo, aliquet vitae congue a, elementum a enim', 'New_Image1.JPG', 1, 0, 3, 1, NULL, NULL),
(43, 'Du lịch kết hợp mua sắm Tết tại Trung Quốc', 'Hai tour du lịch kết hợp mua sắm Tết tại Trung Quốc là Nam Ninh - Quảng Châu và Thượng Hải - Hàng Châu - Tô Châu phục vụ du khách có nhu cầu mua sắm trong mùa siêu giảm giá trước Tết Nguyên đán.', 'Mauris rhoncus a nulla ut sollicitudin. Curabitur interdum turpis non lacus posuere, eu hendrerit nisi ornare. In hac habitasse platea dictumst. Ut euismod quis lorem quis efficitur. Aliquam tempus mattis iaculis. Duis at lacus id nunc porttitor faucibus. Nullam pretium egestas fringilla. Aenean at tellus a elit molestie dignissim in sed lacus. Nunc id urna quis tellus eleifend pulvinar eu sagittis nisi. Nunc quam purus, pharetra ut ipsum nec, convallis rutrum magna. Donec ut mi mauris. Cras risus justo, aliquet vitae congue a, elementum a enim', 'Hang-Chau--Trung-Quoc.jpg', 1, 0, 3, 1, NULL, NULL),
(44, 'Ngăn chặn hiện tượng tiêu cực mùa lễ hội', 'Bộ Văn hóa Thể thao và Du lịch vừa chỉ đạo các khách sạn, cơ sở lưu trú du lịch đảm bảo an toàn vệ sinh thực phẩm, không tăng giá, ép giá đối với du khách dịp tết Tân Mão.', 'Mauris rhoncus a nulla ut sollicitudin. Curabitur interdum turpis non lacus posuere, eu hendrerit nisi ornare. In hac habitasse platea dictumst. Ut euismod quis lorem quis efficitur. Aliquam tempus mattis iaculis. Duis at lacus id nunc porttitor faucibus. Nullam pretium egestas fringilla. Aenean at tellus a elit molestie dignissim in sed lacus. Nunc id urna quis tellus eleifend pulvinar eu sagittis nisi. Nunc quam purus, pharetra ut ipsum nec, convallis rutrum magna. Donec ut mi mauris. Cras risus justo, aliquet vitae congue a, elementum a enim', 'a4.jpg', 1, 0, 3, 1, NULL, NULL),
(45, '14 ngày trải nghiệm tại 3 quốc gia châu Âu', 'Với chuyến đi 14 ngày, bạn sẽ được tới thăm 3 quốc gia châu Âu gồm kinh đô ánh sáng - Pháp, ngã tư của các nền văn minh châu Âu - Thụy Sĩ và cái nôi của nền nghệ thuật thế giới - Italy.', 'Mauris rhoncus a nulla ut sollicitudin. Curabitur interdum turpis non lacus posuere, eu hendrerit nisi ornare. In hac habitasse platea dictumst. Ut euismod quis lorem quis efficitur. Aliquam tempus mattis iaculis. Duis at lacus id nunc porttitor faucibus. Nullam pretium egestas fringilla. Aenean at tellus a elit molestie dignissim in sed lacus. Nunc id urna quis tellus eleifend pulvinar eu sagittis nisi. Nunc quam purus, pharetra ut ipsum nec, convallis rutrum magna. Donec ut mi mauris. Cras risus justo, aliquet vitae congue a, elementum a enim', 'chau-au.jpg', 1, 0, 3, 1, NULL, NULL),
(46, 'Noel và năm mới tại Vinpearl Resort & Spa', 'Ngày 24, 25/12, khách du lịch ở tại Vinpearl Resort & Spa sẽ được tham gia các hoạt động vui chơi ngoài trời vui nhộn. Vào ngày 31/12, tiệc đón năm mới sẽ được tổ chức trong không gian ấm cúng với nến, rượu vang, chocolate.', 'Mauris rhoncus a nulla ut sollicitudin. Curabitur interdum turpis non lacus posuere, eu hendrerit nisi ornare. In hac habitasse platea dictumst. Ut euismod quis lorem quis efficitur. Aliquam tempus mattis iaculis. Duis at lacus id nunc porttitor faucibus. Nullam pretium egestas fringilla. Aenean at tellus a elit molestie dignissim in sed lacus. Nunc id urna quis tellus eleifend pulvinar eu sagittis nisi. Nunc quam purus, pharetra ut ipsum nec, convallis rutrum magna. Donec ut mi mauris. Cras risus justo, aliquet vitae congue a, elementum a enim', '8.jpg', 1, 0, 3, 1, NULL, NULL),
(47, 'Huế lung linh sắc màu đón Giáng sinh', 'Không khí Giáng sinh đến Huế muộn hơn Sài Gòn, Hà Nội, nhưng không vì thế mà làm giảm đi sắc màu lung linh. Khắp các ngả đường của cố đô ngập tràn ánh đèn điện trang hoàng cho đêm Noel đang cận kề.', 'Mauris rhoncus a nulla ut sollicitudin. Curabitur interdum turpis non lacus posuere, eu hendrerit nisi ornare. In hac habitasse platea dictumst. Ut euismod quis lorem quis efficitur. Aliquam tempus mattis iaculis. Duis at lacus id nunc porttitor faucibus. Nullam pretium egestas fringilla. Aenean at tellus a elit molestie dignissim in sed lacus. Nunc id urna quis tellus eleifend pulvinar eu sagittis nisi. Nunc quam purus, pharetra ut ipsum nec, convallis rutrum magna. Donec ut mi mauris. Cras risus justo, aliquet vitae congue a, elementum a enim', 'doi.jpg', 1, 0, 3, 1, NULL, NULL),
(48, 'Ana Mandara Villas Dalat lưu giữ kiến trúc Pháp cổ', 'Khu nghỉ Ana Mandara Villas Dalat được trùng tu nguyên vẹn kiến trúc cổ biệt thự Pháp, đan xen trang trí vật dụng xưa làm toát lên vẻ quyền uy của giới thượng lưu.', 'Mauris rhoncus a nulla ut sollicitudin. Curabitur interdum turpis non lacus posuere, eu hendrerit nisi ornare. In hac habitasse platea dictumst. Ut euismod quis lorem quis efficitur. Aliquam tempus mattis iaculis. Duis at lacus id nunc porttitor faucibus. Nullam pretium egestas fringilla. Aenean at tellus a elit molestie dignissim in sed lacus. Nunc id urna quis tellus eleifend pulvinar eu sagittis nisi. Nunc quam purus, pharetra ut ipsum nec, convallis rutrum magna. Donec ut mi mauris. Cras risus justo, aliquet vitae congue a, elementum a enim', 'du-lich1 (1).jpg', 1, 0, 3, 1, NULL, NULL),
(49, 'Khám phá Đài Loan', 'Tòa tháp cao thứ hai thế giới, sông tình yêu, hội chợ hoa quốc tế, Nhật Nguyệt Đàm hay những điểm vui chơi được xem là hiện đại bậc nhất trong khu vực đã hút một lượng khách khá lớn đến Đài Loan.', 'Mauris rhoncus a nulla ut sollicitudin. Curabitur interdum turpis non lacus posuere, eu hendrerit nisi ornare. In hac habitasse platea dictumst. Ut euismod quis lorem quis efficitur. Aliquam tempus mattis iaculis. Duis at lacus id nunc porttitor faucibus. Nullam pretium egestas fringilla. Aenean at tellus a elit molestie dignissim in sed lacus. Nunc id urna quis tellus eleifend pulvinar eu sagittis nisi. Nunc quam purus, pharetra ut ipsum nec, convallis rutrum magna. Donec ut mi mauris. Cras risus justo, aliquet vitae congue a, elementum a enim', 'canh.jpg', 1, 0, 3, 1, NULL, NULL),
(50, 'Nghỉ dưỡng tại Evason Ana Mandara Nha Trang', 'Khu du lịch Evason Ana Mandara Nha Trang được xây dựng trong khuôn viên 26.000 m2 bao quanh bởi khu vườn nhiệt đới riêng biệt nhìn ra biển.', 'Mauris rhoncus a nulla ut sollicitudin. Curabitur interdum turpis non lacus posuere, eu hendrerit nisi ornare. In hac habitasse platea dictumst. Ut euismod quis lorem quis efficitur. Aliquam tempus mattis iaculis. Duis at lacus id nunc porttitor faucibus. Nullam pretium egestas fringilla. Aenean at tellus a elit molestie dignissim in sed lacus. Nunc id urna quis tellus eleifend pulvinar eu sagittis nisi. Nunc quam purus, pharetra ut ipsum nec, convallis rutrum magna. Donec ut mi mauris. Cras risus justo, aliquet vitae congue a, elementum a enim', 'nha-trang-2.jpg', 1, 0, 3, 1, NULL, NULL),
(51, 'Lên mái nhà của châu Âu', 'Cao 3.454 m, ngọn núi Jungfrau cao nhất thuộc dãy Alps (Thụy Sĩ) quanh năm tuyết phủ. Du khách như lạc trong thế giới truyện cổ tích với những ngôi nhà thơ mộng phủ tuyết trắng xóa bên sườn núi, trong cảnh thiên nhiên hùng vĩ. VnExpress.net ghi nhận một số hình ảnh trên mái nhà châu Âu.', 'Mauris rhoncus a nulla ut sollicitudin. Curabitur interdum turpis non lacus posuere, eu hendrerit nisi ornare. In hac habitasse platea dictumst. Ut euismod quis lorem quis efficitur. Aliquam tempus mattis iaculis. Duis at lacus id nunc porttitor faucibus. Nullam pretium egestas fringilla. Aenean at tellus a elit molestie dignissim in sed lacus. Nunc id urna quis tellus eleifend pulvinar eu sagittis nisi. Nunc quam purus, pharetra ut ipsum nec, convallis rutrum magna. Donec ut mi mauris. Cras risus justo, aliquet vitae congue a, elementum a enim', '14.jpg', 1, 0, 3, 1, NULL, NULL),
(52, 'Sắc màu văn hóa Ấn Độ trên đất Singapore', 'Các thiếu nữ say sưa trong điệu múa truyền thống, người đàn ông bước đi trên than nóng..., lễ hội Ánh sáng của người Ấn trên đảo quốc sư tử đã thu hút sự chú ý của đông đảo người dân bản địa và du khách nước ngoài.', 'Mauris rhoncus a nulla ut sollicitudin. Curabitur interdum turpis non lacus posuere, eu hendrerit nisi ornare. In hac habitasse platea dictumst. Ut euismod quis lorem quis efficitur. Aliquam tempus mattis iaculis. Duis at lacus id nunc porttitor faucibus. Nullam pretium egestas fringilla. Aenean at tellus a elit molestie dignissim in sed lacus. Nunc id urna quis tellus eleifend pulvinar eu sagittis nisi. Nunc quam purus, pharetra ut ipsum nec, convallis rutrum magna. Donec ut mi mauris. Cras risus justo, aliquet vitae congue a, elementum a enim', 'anh-sang8.jpg', 1, 0, 3, 1, NULL, NULL),
(53, 'Disneyland - nơi giấc mơ cổ tích trở thành sự thực', 'Đây là địa điểm tôi thích nhất trong chuyến du ngoạn Hong Kong mùa thu năm nay vì những cảm xúc có được ở đây là những cảm xúc tuyệt vời nhất mà tôi không thể nào quên được. Bạn Nguyễn Thu Hà chia sẻ', 'Mauris rhoncus a nulla ut sollicitudin. Curabitur interdum turpis non lacus posuere, eu hendrerit nisi ornare. In hac habitasse platea dictumst. Ut euismod quis lorem quis efficitur. Aliquam tempus mattis iaculis. Duis at lacus id nunc porttitor faucibus. Nullam pretium egestas fringilla. Aenean at tellus a elit molestie dignissim in sed lacus. Nunc id urna quis tellus eleifend pulvinar eu sagittis nisi. Nunc quam purus, pharetra ut ipsum nec, convallis rutrum magna. Donec ut mi mauris. Cras risus justo, aliquet vitae congue a, elementum a enim', '3.jpg', 1, 0, 3, 1, NULL, NULL),
(54, 'Thắng cảnh suối nước Vàng', 'Cách thành phố Bắc Giang chừng 60 km về phía đông bắc, thắng cảnh nước Vàng ở xã Lục Sơn (Lục Nam, Bắc Giang) thuộc khu bảo tồn thiên nhiên Tây Yên Tử là điểm đến đầy kỳ thú cho các chuyến dã ngoại của những du khách “bụi” đi tìm cảm giác mạnh. Độc giả Nguyễn Văn Hưởng viết.', 'Mauris rhoncus a nulla ut sollicitudin. Curabitur interdum turpis non lacus posuere, eu hendrerit nisi ornare. In hac habitasse platea dictumst. Ut euismod quis lorem quis efficitur. Aliquam tempus mattis iaculis. Duis at lacus id nunc porttitor faucibus. Nullam pretium egestas fringilla. Aenean at tellus a elit molestie dignissim in sed lacus. Nunc id urna quis tellus eleifend pulvinar eu sagittis nisi. Nunc quam purus, pharetra ut ipsum nec, convallis rutrum magna. Donec ut mi mauris. Cras risus justo, aliquet vitae congue a, elementum a enim', '1.jpg', 1, 0, 3, 1, NULL, NULL),
(55, 'Nghỉ mát ở thành phố Cebu ', 'Cách Manila 365 dặm về phía nam, Cebu được coi là một trung tâm hành chính thứ hai của Philippines. Cebu còn nổi tiếng bởi những bãi cát trắng sạch và nước biển trong xanh như pha lê. Bạn Kenji Chen chia sẻ. ', 'Mauris rhoncus a nulla ut sollicitudin. Curabitur interdum turpis non lacus posuere, eu hendrerit nisi ornare. In hac habitasse platea dictumst. Ut euismod quis lorem quis efficitur. Aliquam tempus mattis iaculis. Duis at lacus id nunc porttitor faucibus. Nullam pretium egestas fringilla. Aenean at tellus a elit molestie dignissim in sed lacus. Nunc id urna quis tellus eleifend pulvinar eu sagittis nisi. Nunc quam purus, pharetra ut ipsum nec, convallis rutrum magna. Donec ut mi mauris. Cras risus justo, aliquet vitae congue a, elementum a enim', '2.jpg', 1, 0, 3, 1, NULL, NULL),
(56, 'Nhiều tour khám phá Hà Nội dịp đại lễ', 'Các công ty du lịch ở Hà Nội ồ ạt tung ra nhiều tour khám phá phố cổ, thăm các võ đường hay đến kinh đô Việt cổ để phục vụ du khách muốn tìm hiểu thắng cảnh, văn hóa đất Tràng An.', 'Mauris rhoncus a nulla ut sollicitudin. Curabitur interdum turpis non lacus posuere, eu hendrerit nisi ornare. In hac habitasse platea dictumst. Ut euismod quis lorem quis efficitur. Aliquam tempus mattis iaculis. Duis at lacus id nunc porttitor faucibus. Nullam pretium egestas fringilla. Aenean at tellus a elit molestie dignissim in sed lacus. Nunc id urna quis tellus eleifend pulvinar eu sagittis nisi. Nunc quam purus, pharetra ut ipsum nec, convallis rutrum magna. Donec ut mi mauris. Cras risus justo, aliquet vitae congue a, elementum a enim', '9.jpg', 1, 0, 3, 1, NULL, NULL),
(57, 'Du lịch các nước châu Á - Thái Bình Dương bằng tàu biển', 'Bạn có thể tới thăm Singapore hay Hong Kong - Nhật Bản bằng du thuyền cao cấp với giá hấp dẫn 16.030.000 đồng và 49.700.000 đồng.', 'Mauris rhoncus a nulla ut sollicitudin. Curabitur interdum turpis non lacus posuere, eu hendrerit nisi ornare. In hac habitasse platea dictumst. Ut euismod quis lorem quis efficitur. Aliquam tempus mattis iaculis. Duis at lacus id nunc porttitor faucibus. Nullam pretium egestas fringilla. Aenean at tellus a elit molestie dignissim in sed lacus. Nunc id urna quis tellus eleifend pulvinar eu sagittis nisi. Nunc quam purus, pharetra ut ipsum nec, convallis rutrum magna. Donec ut mi mauris. Cras risus justo, aliquet vitae congue a, elementum a enim', '9 (1).jpg', 1, 0, 3, 1, NULL, NULL),
(58, 'Team building - tour du lịch khám phá TP HCM', 'Chương trình giúp các nhóm khách lần đầu đặt chân đến TP HCM có thể tự mình khám phá, cảm nhận, hiểu khái quát nét văn hóa, ẩm thực, con người nơi đây... chỉ trong vài giờ tham quan.', 'Mauris rhoncus a nulla ut sollicitudin. Curabitur interdum turpis non lacus posuere, eu hendrerit nisi ornare. In hac habitasse platea dictumst. Ut euismod quis lorem quis efficitur. Aliquam tempus mattis iaculis. Duis at lacus id nunc porttitor faucibus. Nullam pretium egestas fringilla. Aenean at tellus a elit molestie dignissim in sed lacus. Nunc id urna quis tellus eleifend pulvinar eu sagittis nisi. Nunc quam purus, pharetra ut ipsum nec, convallis rutrum magna. Donec ut mi mauris. Cras risus justo, aliquet vitae congue a, elementum a enim', 'DSC_4142 400x266.jpg', 1, 0, 3, 1, NULL, NULL);
INSERT INTO `tintuc` (`id`, `TieuDe`, `TomTat`, `NoiDung`, `Hinh`, `NoiBat`, `SoLuotXem`, `idLoaiTin`, `active`, `created_at`, `updated_at`) VALUES
(59, 'Nhớ hương Fanxifan', 'Trong mỗi người trẻ tuổi, luôn có một khát khao. Với tôi, đỉnh Fanxifan, nóc nhà Đông Dương chính là trường dạy cho giới trẻ khát vọng chinh phục. Bạn Phạm Thị Tốt chia sẻ.', 'Mauris rhoncus a nulla ut sollicitudin. Curabitur interdum turpis non lacus posuere, eu hendrerit nisi ornare. In hac habitasse platea dictumst. Ut euismod quis lorem quis efficitur. Aliquam tempus mattis iaculis. Duis at lacus id nunc porttitor faucibus. Nullam pretium egestas fringilla. Aenean at tellus a elit molestie dignissim in sed lacus. Nunc id urna quis tellus eleifend pulvinar eu sagittis nisi. Nunc quam purus, pharetra ut ipsum nec, convallis rutrum magna. Donec ut mi mauris. Cras risus justo, aliquet vitae congue a, elementum a enim', '1 (2).jpg', 1, 0, 3, 1, NULL, NULL),
(60, 'Phố phường Hà Nội rực rỡ trước đại lễ', '20 ngày trước đại lễ nghìn năm, đường phố Hà Nội rực rỡ ánh đèn cùng những hình tượng hoa văn màu sắc. Hồ Gươm như lung linh hơn.', 'Mauris rhoncus a nulla ut sollicitudin. Curabitur interdum turpis non lacus posuere, eu hendrerit nisi ornare. In hac habitasse platea dictumst. Ut euismod quis lorem quis efficitur. Aliquam tempus mattis iaculis. Duis at lacus id nunc porttitor faucibus. Nullam pretium egestas fringilla. Aenean at tellus a elit molestie dignissim in sed lacus. Nunc id urna quis tellus eleifend pulvinar eu sagittis nisi. Nunc quam purus, pharetra ut ipsum nec, convallis rutrum magna. Donec ut mi mauris. Cras risus justo, aliquet vitae congue a, elementum a enim', 'dienbienphu.jpg', 1, 0, 3, 1, NULL, NULL),
(61, 'Một chuyến đi Hà Giang', 'Ngày 30 cả đoàn được đi trên con đường đèo uốn lượn, những vòng cua nhỏ sát ngay mép vực khiến các xế thả sức nghiêng mình nằm trọn trong vòng ôm của đèo. Bạn Đỗ Quang Trung viết về chuyến đi Hà Giang.', 'Mauris rhoncus a nulla ut sollicitudin. Curabitur interdum turpis non lacus posuere, eu hendrerit nisi ornare. In hac habitasse platea dictumst. Ut euismod quis lorem quis efficitur. Aliquam tempus mattis iaculis. Duis at lacus id nunc porttitor faucibus. Nullam pretium egestas fringilla. Aenean at tellus a elit molestie dignissim in sed lacus. Nunc id urna quis tellus eleifend pulvinar eu sagittis nisi. Nunc quam purus, pharetra ut ipsum nec, convallis rutrum magna. Donec ut mi mauris. Cras risus justo, aliquet vitae congue a, elementum a enim', 'a21.jpg', 1, 0, 3, 1, NULL, NULL),
(62, 'Simacai hoang vắng', 'Simacai (Lào Cai) nhiệt độ trung bình ngày luôn 15 độ C, cảnh sắc thiên nhiên rực rỡ và lòng người nồng nhiệt sẽ làm dịu lòng du khách sau chuyến vượt rừng vất vả để tới đây. Bạn Nguyễn Thị Giang chia sẻ hình ảnh vùng cao.', 'Mauris rhoncus a nulla ut sollicitudin. Curabitur interdum turpis non lacus posuere, eu hendrerit nisi ornare. In hac habitasse platea dictumst. Ut euismod quis lorem quis efficitur. Aliquam tempus mattis iaculis. Duis at lacus id nunc porttitor faucibus. Nullam pretium egestas fringilla. Aenean at tellus a elit molestie dignissim in sed lacus. Nunc id urna quis tellus eleifend pulvinar eu sagittis nisi. Nunc quam purus, pharetra ut ipsum nec, convallis rutrum magna. Donec ut mi mauris. Cras risus justo, aliquet vitae congue a, elementum a enim', '5 (1).jpg', 1, 0, 3, 1, NULL, NULL),
(63, 'Tư vấn du lịch Cửu Trại Câu', 'ửu Trại Câu là một địa danh khá đẹp và nổi tiếng nằm ở phía bắc, tỉnh Tứ Xuyên - Trung Quốc. Hành trình đi tới đó cũng khá phức tạp và vận chuyển dưới nhiều hình thức khá phức tạp, do vậy du lịch “bụi” chỉ phù hợp với các bạn trẻ ưa thích khám phá, nếu bạn ở tuổi trung tuổi thì nên đi theo tour do các hãng lữ hành tổ chức. Hiện có rất nhiều hãng lữ hành đã triển khai bán sản phẩm này có tham quan Thành Đô - Nga My Sơn và Cửu Trại Câu.', 'Mauris rhoncus a nulla ut sollicitudin. Curabitur interdum turpis non lacus posuere, eu hendrerit nisi ornare. In hac habitasse platea dictumst. Ut euismod quis lorem quis efficitur. Aliquam tempus mattis iaculis. Duis at lacus id nunc porttitor faucibus. Nullam pretium egestas fringilla. Aenean at tellus a elit molestie dignissim in sed lacus. Nunc id urna quis tellus eleifend pulvinar eu sagittis nisi. Nunc quam purus, pharetra ut ipsum nec, convallis rutrum magna. Donec ut mi mauris. Cras risus justo, aliquet vitae congue a, elementum a enim', '_nh-91.jpg', 1, 0, 3, 1, NULL, NULL),
(64, 'Shangri-La thung lũng huyền thoại', 'Thành phố Shangri-La thuộc tỉnh Vân Nam, Trung Quốc là điểm du lịch hấp dẫn với cảnh quan thiên nhiên tươi đẹp, những ngôi chùa theo kiến trúc Phật giáo Tây Tạng…', 'Mauris rhoncus a nulla ut sollicitudin. Curabitur interdum turpis non lacus posuere, eu hendrerit nisi ornare. In hac habitasse platea dictumst. Ut euismod quis lorem quis efficitur. Aliquam tempus mattis iaculis. Duis at lacus id nunc porttitor faucibus. Nullam pretium egestas fringilla. Aenean at tellus a elit molestie dignissim in sed lacus. Nunc id urna quis tellus eleifend pulvinar eu sagittis nisi. Nunc quam purus, pharetra ut ipsum nec, convallis rutrum magna. Donec ut mi mauris. Cras risus justo, aliquet vitae congue a, elementum a enim', 'dulich2.jpg', 1, 0, 3, 1, NULL, NULL),
(65, 'Công viên đá ở Côn Minh', 'Tạo hóa đã ưu ái cho Thạch Lâm (Côn Minh, Vân Nam, Trung Quốc) một phong cảnh thần tiên của đá và nước. Những cột đá nằm trong một khu vực rộng tới 350 km2, tập trung nhất là khu công viên đá Thạch Lâm.', 'Mauris rhoncus a nulla ut sollicitudin. Curabitur interdum turpis non lacus posuere, eu hendrerit nisi ornare. In hac habitasse platea dictumst. Ut euismod quis lorem quis efficitur. Aliquam tempus mattis iaculis. Duis at lacus id nunc porttitor faucibus. Nullam pretium egestas fringilla. Aenean at tellus a elit molestie dignissim in sed lacus. Nunc id urna quis tellus eleifend pulvinar eu sagittis nisi. Nunc quam purus, pharetra ut ipsum nec, convallis rutrum magna. Donec ut mi mauris. Cras risus justo, aliquet vitae congue a, elementum a enim', '1 (3).jpg', 1, 0, 3, 1, NULL, NULL),
(66, 'Học sinh Hà Nội dự kiến nghỉ Tết 11 ngày', 'Ngày 6/1, Sở Giáo dục Đào tạo đã có tờ trình gửi UBND Hà Nội đề xuất thời gian nghỉ Tết Tân Mão của ngành giáo dục là 11 ngày. ', 'Mauris rhoncus a nulla ut sollicitudin. Curabitur interdum turpis non lacus posuere, eu hendrerit nisi ornare. In hac habitasse platea dictumst. Ut euismod quis lorem quis efficitur. Aliquam tempus mattis iaculis. Duis at lacus id nunc porttitor faucibus. Nullam pretium egestas fringilla. Aenean at tellus a elit molestie dignissim in sed lacus. Nunc id urna quis tellus eleifend pulvinar eu sagittis nisi. Nunc quam purus, pharetra ut ipsum nec, convallis rutrum magna. Donec ut mi mauris. Cras risus justo, aliquet vitae congue a, elementum a enim', 'hs-gialanh13.jpg', 1, 0, 1, 1, NULL, NULL),
(67, 'Tổ hợp hỗ trợ giáo dục ở THPT hiện đại nhất thủ đô', 'Sáng 5/1, tổ hợp hỗ trợ giáo dục tiên tiến Amsers’ Town đã được khai trương tại trường THPT chuyên Hà Nội – Amsterdam trong sự hào hứng của học sinh.', 'Mauris rhoncus a nulla ut sollicitudin. Curabitur interdum turpis non lacus posuere, eu hendrerit nisi ornare. In hac habitasse platea dictumst. Ut euismod quis lorem quis efficitur. Aliquam tempus mattis iaculis. Duis at lacus id nunc porttitor faucibus. Nullam pretium egestas fringilla. Aenean at tellus a elit molestie dignissim in sed lacus. Nunc id urna quis tellus eleifend pulvinar eu sagittis nisi. Nunc quam purus, pharetra ut ipsum nec, convallis rutrum magna. Donec ut mi mauris. Cras risus justo, aliquet vitae congue a, elementum a enim', 'thu-vien.jpg', 1, 0, 1, 1, NULL, NULL),
(68, 'Hỗ trợ gần 3.000 vé xe tết cho sinh viên', 'Khoảng 2.700 sinh viên ngoại tỉnh có hoàn cảnh khó khăn, đang học tập tại TP HCM sẽ được tặng vé xe miễn phí về quê trong dịp tết Tân Mão.', 'Mauris rhoncus a nulla ut sollicitudin. Curabitur interdum turpis non lacus posuere, eu hendrerit nisi ornare. In hac habitasse platea dictumst. Ut euismod quis lorem quis efficitur. Aliquam tempus mattis iaculis. Duis at lacus id nunc porttitor faucibus. Nullam pretium egestas fringilla. Aenean at tellus a elit molestie dignissim in sed lacus. Nunc id urna quis tellus eleifend pulvinar eu sagittis nisi. Nunc quam purus, pharetra ut ipsum nec, convallis rutrum magna. Donec ut mi mauris. Cras risus justo, aliquet vitae congue a, elementum a enim', 'sinhvien[1].jpg', 1, 0, 1, 1, NULL, NULL),
(69, 'Mái nhà xanh giúp trẻ giảm sốc lần đầu đi học', 'Nằm nép trong góc sân trường Măng non 1, quận 10, TP HCM là căn phòng nhỏ được bày trí bắt mắt với đủ loại tranh vẽ, vật dụng, đồ chơi hình con vật ngộ nghĩnh. Đây là không gian dành cho bé tập làm quen trước khi đi học.', 'Mauris rhoncus a nulla ut sollicitudin. Curabitur interdum turpis non lacus posuere, eu hendrerit nisi ornare. In hac habitasse platea dictumst. Ut euismod quis lorem quis efficitur. Aliquam tempus mattis iaculis. Duis at lacus id nunc porttitor faucibus. Nullam pretium egestas fringilla. Aenean at tellus a elit molestie dignissim in sed lacus. Nunc id urna quis tellus eleifend pulvinar eu sagittis nisi. Nunc quam purus, pharetra ut ipsum nec, convallis rutrum magna. Donec ut mi mauris. Cras risus justo, aliquet vitae congue a, elementum a enim', 'mai-nha-xanh-1.jpg', 1, 0, 1, 1, NULL, NULL),
(70, 'Bộ Giáo dục tri ân nhà giáo ưu tú', 'Sáng nay tại Hà Nội, Bộ Giáo dục và Đào tạo đã tổ chức kỷ niệm 28 năm ngày nhà giáo Việt Nam và gặp gỡ các nhà giáo nhân dân, nhà giáo ưu tú năm 2010.', 'Mauris rhoncus a nulla ut sollicitudin. Curabitur interdum turpis non lacus posuere, eu hendrerit nisi ornare. In hac habitasse platea dictumst. Ut euismod quis lorem quis efficitur. Aliquam tempus mattis iaculis. Duis at lacus id nunc porttitor faucibus. Nullam pretium egestas fringilla. Aenean at tellus a elit molestie dignissim in sed lacus. Nunc id urna quis tellus eleifend pulvinar eu sagittis nisi. Nunc quam purus, pharetra ut ipsum nec, convallis rutrum magna. Donec ut mi mauris. Cras risus justo, aliquet vitae congue a, elementum a enim', 'gap_mat_nha_giao_nhan_dan.JPG', 1, 0, 1, 1, NULL, NULL),
(71, 'Có phao của Bộ, trường ngoài công lập vẫn đuối', 'Kết thúc thời gian nới hạn tuyển sinh, các trường ngoài công lập vẫn thiếu chỉ tiêu trầm trọng. Có trường tuyển chưa được 1/3 chỉ tiêu được giao.', 'Mauris rhoncus a nulla ut sollicitudin. Curabitur interdum turpis non lacus posuere, eu hendrerit nisi ornare. In hac habitasse platea dictumst. Ut euismod quis lorem quis efficitur. Aliquam tempus mattis iaculis. Duis at lacus id nunc porttitor faucibus. Nullam pretium egestas fringilla. Aenean at tellus a elit molestie dignissim in sed lacus. Nunc id urna quis tellus eleifend pulvinar eu sagittis nisi. Nunc quam purus, pharetra ut ipsum nec, convallis rutrum magna. Donec ut mi mauris. Cras risus justo, aliquet vitae congue a, elementum a enim', 'dai_hoc_1.jpg', 1, 0, 1, 1, NULL, NULL),
(72, 'Vinh danh 121 nhà giáo trẻ tiêu biểu TP HCM', 'Những nhà giáo điển hình về đạo đức, xuất sắc trong chuyên môn, nghiên cứu và nhiệt tình cống hiến cho xã hội được Thành đoàn TP HCM tuyên dương đêm 14/11, tại Nhà văn hóa thanh niên.', 'Mauris rhoncus a nulla ut sollicitudin. Curabitur interdum turpis non lacus posuere, eu hendrerit nisi ornare. In hac habitasse platea dictumst. Ut euismod quis lorem quis efficitur. Aliquam tempus mattis iaculis. Duis at lacus id nunc porttitor faucibus. Nullam pretium egestas fringilla. Aenean at tellus a elit molestie dignissim in sed lacus. Nunc id urna quis tellus eleifend pulvinar eu sagittis nisi. Nunc quam purus, pharetra ut ipsum nec, convallis rutrum magna. Donec ut mi mauris. Cras risus justo, aliquet vitae congue a, elementum a enim', 'giang-vien-tre-1.jpg', 1, 0, 1, 1, NULL, NULL),
(73, '2.000 tỷ đồng phát triển trường chuyên', 'Số tiền này dành để tăng cường đầu tư cơ sở vật chất, trang thiết bị dạy học, đồng thời phát triển đội ngũ cán bộ quản lý, giáo viên trong các trường chuyên.', 'Mauris rhoncus a nulla ut sollicitudin. Curabitur interdum turpis non lacus posuere, eu hendrerit nisi ornare. In hac habitasse platea dictumst. Ut euismod quis lorem quis efficitur. Aliquam tempus mattis iaculis. Duis at lacus id nunc porttitor faucibus. Nullam pretium egestas fringilla. Aenean at tellus a elit molestie dignissim in sed lacus. Nunc id urna quis tellus eleifend pulvinar eu sagittis nisi. Nunc quam purus, pharetra ut ipsum nec, convallis rutrum magna. Donec ut mi mauris. Cras risus justo, aliquet vitae congue a, elementum a enim', 'chuyen1.jpg', 1, 0, 1, 1, NULL, NULL),
(74, 'Học viện đầu tiên công khai tuyển phó giám đốc', 'Học viện Công nghệ Bưu chính Viễn thông (Tập đoàn Bưu chính Viễn thông Việt Nam), vừa thông báo mời giới thiệu hoặc ứng cử 2 chức danh Phó giám đốc làm việc tại Hà Nội, nhằm đáp ứng sự phát triển mạnh của học viện.', 'Mauris rhoncus a nulla ut sollicitudin. Curabitur interdum turpis non lacus posuere, eu hendrerit nisi ornare. In hac habitasse platea dictumst. Ut euismod quis lorem quis efficitur. Aliquam tempus mattis iaculis. Duis at lacus id nunc porttitor faucibus. Nullam pretium egestas fringilla. Aenean at tellus a elit molestie dignissim in sed lacus. Nunc id urna quis tellus eleifend pulvinar eu sagittis nisi. Nunc quam purus, pharetra ut ipsum nec, convallis rutrum magna. Donec ut mi mauris. Cras risus justo, aliquet vitae congue a, elementum a enim', 'Hoc-vien.jpg', 1, 0, 1, 1, NULL, NULL),
(75, 'Những tân sinh viên mồ côi, hiếu học', 'Mẹ mất năm 2007, 2 năm sau bố cũng ra đi, khiến 6 anh chị em của Nguyễn Huy Chiến (Hà Tĩnh) sau giờ học lại phải đi làm để kiếm sống. Nhờ nỗ lực vươn lên, Chiến vừa trở thành tân sinh viên của ĐH Điện lực Hà Nội.', 'Mauris rhoncus a nulla ut sollicitudin. Curabitur interdum turpis non lacus posuere, eu hendrerit nisi ornare. In hac habitasse platea dictumst. Ut euismod quis lorem quis efficitur. Aliquam tempus mattis iaculis. Duis at lacus id nunc porttitor faucibus. Nullam pretium egestas fringilla. Aenean at tellus a elit molestie dignissim in sed lacus. Nunc id urna quis tellus eleifend pulvinar eu sagittis nisi. Nunc quam purus, pharetra ut ipsum nec, convallis rutrum magna. Donec ut mi mauris. Cras risus justo, aliquet vitae congue a, elementum a enim', 'Sinh-vien-ngheo.jpg', 1, 0, 1, 1, NULL, NULL),
(76, '130.000 học sinh vùng lũ trở lại trường ', 'Hôm nay gần 100.000 học sinh ở Quảng Bình và hơn 30.000 em ở huyện Hương Khê (Hà Tĩnh) đã đi học trở lại sau một tuần nghỉ tránh lũ. Hiện nơi này vẫn còn 24.000 em chưa thể đến lớp do trường hư hỏng quá nặng.', 'Mauris rhoncus a nulla ut sollicitudin. Curabitur interdum turpis non lacus posuere, eu hendrerit nisi ornare. In hac habitasse platea dictumst. Ut euismod quis lorem quis efficitur. Aliquam tempus mattis iaculis. Duis at lacus id nunc porttitor faucibus. Nullam pretium egestas fringilla. Aenean at tellus a elit molestie dignissim in sed lacus. Nunc id urna quis tellus eleifend pulvinar eu sagittis nisi. Nunc quam purus, pharetra ut ipsum nec, convallis rutrum magna. Donec ut mi mauris. Cras risus justo, aliquet vitae congue a, elementum a enim', 'truong.jpg', 1, 0, 1, 1, NULL, NULL),
(77, 'Chính phủ đầu tư 200 triệu USD cho ĐH Việt Đức', 'Sáng 6/10, Hiệu trưởng ĐH Việt Đức Wolf Rieck công bố số tiền khởi điểm mà chính phủ Việt Nam đầu tư cho trường là 200 triệu USD.', 'Mauris rhoncus a nulla ut sollicitudin. Curabitur interdum turpis non lacus posuere, eu hendrerit nisi ornare. In hac habitasse platea dictumst. Ut euismod quis lorem quis efficitur. Aliquam tempus mattis iaculis. Duis at lacus id nunc porttitor faucibus. Nullam pretium egestas fringilla. Aenean at tellus a elit molestie dignissim in sed lacus. Nunc id urna quis tellus eleifend pulvinar eu sagittis nisi. Nunc quam purus, pharetra ut ipsum nec, convallis rutrum magna. Donec ut mi mauris. Cras risus justo, aliquet vitae congue a, elementum a enim', 'vietduc1.jpg', 1, 0, 1, 1, NULL, NULL),
(78, 'Tuyển 80 chỉ tiêu liên thông đại học ngành tiếng Anh', 'Đại học Hoa Sen công bố 80 chỉ tiêu ngành tiếng Anh (chuyên ngành Anh văn thương mại) dành cho chương trình liên thông từ cao đẳng lên đại học khóa 10.2 của niên học 2010 - 2011.', 'Mauris rhoncus a nulla ut sollicitudin. Curabitur interdum turpis non lacus posuere, eu hendrerit nisi ornare. In hac habitasse platea dictumst. Ut euismod quis lorem quis efficitur. Aliquam tempus mattis iaculis. Duis at lacus id nunc porttitor faucibus. Nullam pretium egestas fringilla. Aenean at tellus a elit molestie dignissim in sed lacus. Nunc id urna quis tellus eleifend pulvinar eu sagittis nisi. Nunc quam purus, pharetra ut ipsum nec, convallis rutrum magna. Donec ut mi mauris. Cras risus justo, aliquet vitae congue a, elementum a enim', '1509_400280.jpg', 1, 0, 1, 1, NULL, NULL),
(79, 'Ngô Bảo Châu: Toán học cần kết hợp các khoa học khác', 'GS Ngô Bảo Châu đề xuất cần cơ chế đặc biệt cả về điều hành và kinh phí cho Viện cao cấp Toán, và cho biết hằng năm anh sẽ về nước làm việc vào tháng 6 đến tháng 8.', 'Mauris rhoncus a nulla ut sollicitudin. Curabitur interdum turpis non lacus posuere, eu hendrerit nisi ornare. In hac habitasse platea dictumst. Ut euismod quis lorem quis efficitur. Aliquam tempus mattis iaculis. Duis at lacus id nunc porttitor faucibus. Nullam pretium egestas fringilla. Aenean at tellus a elit molestie dignissim in sed lacus. Nunc id urna quis tellus eleifend pulvinar eu sagittis nisi. Nunc quam purus, pharetra ut ipsum nec, convallis rutrum magna. Donec ut mi mauris. Cras risus justo, aliquet vitae congue a, elementum a enim', 'NBC1.jpg', 1, 0, 1, 1, NULL, NULL),
(80, 'Phát hành sách về các nhà Toán học và Ngô Bảo Châu', 'Cuốn sách đầu tiên tổng hợp thông tin đầy đủ nhất về các nhà Toán học nổi tiếng, trong đó, có 12 trang viết về giáo sư Ngô Bảo Châu sẽ được phát hành tại buổi đón tiếp GS Ngô Bảo Châu tối 29/8.', 'Mauris rhoncus a nulla ut sollicitudin. Curabitur interdum turpis non lacus posuere, eu hendrerit nisi ornare. In hac habitasse platea dictumst. Ut euismod quis lorem quis efficitur. Aliquam tempus mattis iaculis. Duis at lacus id nunc porttitor faucibus. Nullam pretium egestas fringilla. Aenean at tellus a elit molestie dignissim in sed lacus. Nunc id urna quis tellus eleifend pulvinar eu sagittis nisi. Nunc quam purus, pharetra ut ipsum nec, convallis rutrum magna. Donec ut mi mauris. Cras risus justo, aliquet vitae congue a, elementum a enim', '2GS-Ngo.jpg', 1, 0, 1, 1, NULL, NULL),
(81, '300 chỉ tiêu NV2 vào CĐ Nghề quốc tế', 'Học viện Công nghệ Thông tin Bách khoa (BKACAD) - ĐH Bách Khoa Hà Nội tuyển sinh 300 chỉ tiêu NV2 hệ Cử nhân Cao đẳng nghề quốc tế dành cho thí sinh dự thi khối A, B, D có điểm thi từ 10 trở lên.', 'Mauris rhoncus a nulla ut sollicitudin. Curabitur interdum turpis non lacus posuere, eu hendrerit nisi ornare. In hac habitasse platea dictumst. Ut euismod quis lorem quis efficitur. Aliquam tempus mattis iaculis. Duis at lacus id nunc porttitor faucibus. Nullam pretium egestas fringilla. Aenean at tellus a elit molestie dignissim in sed lacus. Nunc id urna quis tellus eleifend pulvinar eu sagittis nisi. Nunc quam purus, pharetra ut ipsum nec, convallis rutrum magna. Donec ut mi mauris. Cras risus justo, aliquet vitae congue a, elementum a enim', 'Bkad.jpg', 1, 0, 1, 1, NULL, NULL),
(82, 'Đại học đầu tiên khởi kiện vì bị trùng tên', 'Hiệu phó ĐH Đông Á (Đà Nẵng) cho biết, sau nhiều lần thương thảo bất thành, HĐQT và Ban giám hiệu đã thông qua quyết định khởi kiện ĐH Công nghệ Đông Á (Bắc Ninh) vì đã vi phạm bản quyền nhãn hiệu. ', 'Mauris rhoncus a nulla ut sollicitudin. Curabitur interdum turpis non lacus posuere, eu hendrerit nisi ornare. In hac habitasse platea dictumst. Ut euismod quis lorem quis efficitur. Aliquam tempus mattis iaculis. Duis at lacus id nunc porttitor faucibus. Nullam pretium egestas fringilla. Aenean at tellus a elit molestie dignissim in sed lacus. Nunc id urna quis tellus eleifend pulvinar eu sagittis nisi. Nunc quam purus, pharetra ut ipsum nec, convallis rutrum magna. Donec ut mi mauris. Cras risus justo, aliquet vitae congue a, elementum a enim', 'dh.jpg', 1, 0, 1, 1, NULL, NULL),
(83, 'Đại học đầu tiên khởi kiện vì bị trùng tên', 'Hiệu phó ĐH Đông Á (Đà Nẵng) cho biết, sau nhiều lần thương thảo bất thành, HĐQT và Ban giám hiệu đã thông qua quyết định khởi kiện ĐH Công nghệ Đông Á (Bắc Ninh) vì đã vi phạm bản quyền nhãn hiệu. ', 'Mauris rhoncus a nulla ut sollicitudin. Curabitur interdum turpis non lacus posuere, eu hendrerit nisi ornare. In hac habitasse platea dictumst. Ut euismod quis lorem quis efficitur. Aliquam tempus mattis iaculis. Duis at lacus id nunc porttitor faucibus. Nullam pretium egestas fringilla. Aenean at tellus a elit molestie dignissim in sed lacus. Nunc id urna quis tellus eleifend pulvinar eu sagittis nisi. Nunc quam purus, pharetra ut ipsum nec, convallis rutrum magna. Donec ut mi mauris. Cras risus justo, aliquet vitae congue a, elementum a enim', 'dh_1.jpg', 1, 0, 1, 1, NULL, NULL),
(84, 'Hai đại học đầu tiên bị tạm ngừng tuyển sinh', 'Ngày 5/8, Thứ trưởng Bộ GD&ĐT Nguyễn Thị Nghĩa đã ký quyết định tạm ngừng tuyển sinh năm 2010 đối với ĐH Công nghệ Đông Á (Bắc Ninh) và ĐH Phan Châu Trinh (Quảng Nam) do nhiều vi phạm.', 'Mauris rhoncus a nulla ut sollicitudin. Curabitur interdum turpis non lacus posuere, eu hendrerit nisi ornare. In hac habitasse platea dictumst. Ut euismod quis lorem quis efficitur. Aliquam tempus mattis iaculis. Duis at lacus id nunc porttitor faucibus. Nullam pretium egestas fringilla. Aenean at tellus a elit molestie dignissim in sed lacus. Nunc id urna quis tellus eleifend pulvinar eu sagittis nisi. Nunc quam purus, pharetra ut ipsum nec, convallis rutrum magna. Donec ut mi mauris. Cras risus justo, aliquet vitae congue a, elementum a enim', 'Phu-huynh.jpg', 1, 0, 1, 1, NULL, NULL),
(85, 'Thí sinh cao đẳng đầu tiên được 30 điểm', 'Trương Thanh Hà thủ khoa CĐ Kinh tế Đối ngoại là thí sinh thi cao đẳng đầu tiên được 30 điểm. Á khoa khối A của trường này là Hà Quốc Thi được 29,75 điểm. ', 'Mauris rhoncus a nulla ut sollicitudin. Curabitur interdum turpis non lacus posuere, eu hendrerit nisi ornare. In hac habitasse platea dictumst. Ut euismod quis lorem quis efficitur. Aliquam tempus mattis iaculis. Duis at lacus id nunc porttitor faucibus. Nullam pretium egestas fringilla. Aenean at tellus a elit molestie dignissim in sed lacus. Nunc id urna quis tellus eleifend pulvinar eu sagittis nisi. Nunc quam purus, pharetra ut ipsum nec, convallis rutrum magna. Donec ut mi mauris. Cras risus justo, aliquet vitae congue a, elementum a enim', 'Thi_1.jpg', 1, 0, 1, 1, NULL, NULL),
(86, 'Hơn 2 triệu học sinh thi giải Toán trên ViOlympic', 'Ngày 30/7, Bộ GD&ĐT và Tập đoàn FPT đã trao giải cuộc thi Giải Toán đầu tiên qua mạng dành cho học sinh tiểu học và THCS. Thái Bình dẫn đầu cả nước về số thí sinh đoạt giải ở cả hai bậc học.', 'Mauris rhoncus a nulla ut sollicitudin. Curabitur interdum turpis non lacus posuere, eu hendrerit nisi ornare. In hac habitasse platea dictumst. Ut euismod quis lorem quis efficitur. Aliquam tempus mattis iaculis. Duis at lacus id nunc porttitor faucibus. Nullam pretium egestas fringilla. Aenean at tellus a elit molestie dignissim in sed lacus. Nunc id urna quis tellus eleifend pulvinar eu sagittis nisi. Nunc quam purus, pharetra ut ipsum nec, convallis rutrum magna. Donec ut mi mauris. Cras risus justo, aliquet vitae congue a, elementum a enim', '1_GS-Nhung.jpg', 1, 0, 1, 1, NULL, NULL),
(87, 'ĐH Kinh tế Quốc dân dự kiến điểm chuẩn 18-28,5', 'Năm nay điểm chuẩn khối A vào trường là 21, khối D là 20 (tiếng Anh hệ số 1), riêng 7 ngành lấy điểm khối A, D là 18. Bốn ngành dạy bằng tiếng Anh lấy điểm chuẩn 21-28,5 (tiếng Anh hệ số 2). ', 'Mauris rhoncus a nulla ut sollicitudin. Curabitur interdum turpis non lacus posuere, eu hendrerit nisi ornare. In hac habitasse platea dictumst. Ut euismod quis lorem quis efficitur. Aliquam tempus mattis iaculis. Duis at lacus id nunc porttitor faucibus. Nullam pretium egestas fringilla. Aenean at tellus a elit molestie dignissim in sed lacus. Nunc id urna quis tellus eleifend pulvinar eu sagittis nisi. Nunc quam purus, pharetra ut ipsum nec, convallis rutrum magna. Donec ut mi mauris. Cras risus justo, aliquet vitae congue a, elementum a enim', 'DSC_6904.jpg', 1, 0, 1, 1, NULL, NULL),
(88, 'Hai nữ sinh được điểm 10 môn Địa lý', 'Tại ĐH Khoa học Xã hội và Nhân văn Hà Nội, điểm thi 9,75 (làm tròn thành 10) môn Địa lý thuộc về thí sinh Nguyễn Thị Hữu và Hoàng Thị Thu Trang. Điểm 9,5 môn Lịch sử là của thí sinh Trần Thị Cẩm.', 'Mauris rhoncus a nulla ut sollicitudin. Curabitur interdum turpis non lacus posuere, eu hendrerit nisi ornare. In hac habitasse platea dictumst. Ut euismod quis lorem quis efficitur. Aliquam tempus mattis iaculis. Duis at lacus id nunc porttitor faucibus. Nullam pretium egestas fringilla. Aenean at tellus a elit molestie dignissim in sed lacus. Nunc id urna quis tellus eleifend pulvinar eu sagittis nisi. Nunc quam purus, pharetra ut ipsum nec, convallis rutrum magna. Donec ut mi mauris. Cras risus justo, aliquet vitae congue a, elementum a enim', 'Gio-thi.jpg', 1, 0, 1, 1, NULL, NULL),
(89, 'Được 1,5 điểm Văn vẫn đỗ đại học', 'Chiều 28/7, ĐH Sân khấu Điện ảnh công bố danh sách thí sinh trúng tuyển. Nhiều thí sinh dù chỉ được 1,5 điểm Văn nhưng môn năng khiếu đạt điểm cao, vẫn trúng tuyển vào trường này.', 'Mauris rhoncus a nulla ut sollicitudin. Curabitur interdum turpis non lacus posuere, eu hendrerit nisi ornare. In hac habitasse platea dictumst. Ut euismod quis lorem quis efficitur. Aliquam tempus mattis iaculis. Duis at lacus id nunc porttitor faucibus. Nullam pretium egestas fringilla. Aenean at tellus a elit molestie dignissim in sed lacus. Nunc id urna quis tellus eleifend pulvinar eu sagittis nisi. Nunc quam purus, pharetra ut ipsum nec, convallis rutrum magna. Donec ut mi mauris. Cras risus justo, aliquet vitae congue a, elementum a enim', '4.jpg', 1, 0, 1, 1, NULL, NULL),
(90, 'Hơn 100 trường công bố điểm tuyển sinh', 'Bên cạnh các trường lớn như ĐH Hà Nội, Y Hà Nội, Kinh tế TP HCM... nhiều trường cao đẳng cũng công bố điểm thi. Nhiều trường cho hay dự kiến điểm chuẩn sẽ thấp hơn năm 2009.', 'Mauris rhoncus a nulla ut sollicitudin. Curabitur interdum turpis non lacus posuere, eu hendrerit nisi ornare. In hac habitasse platea dictumst. Ut euismod quis lorem quis efficitur. Aliquam tempus mattis iaculis. Duis at lacus id nunc porttitor faucibus. Nullam pretium egestas fringilla. Aenean at tellus a elit molestie dignissim in sed lacus. Nunc id urna quis tellus eleifend pulvinar eu sagittis nisi. Nunc quam purus, pharetra ut ipsum nec, convallis rutrum magna. Donec ut mi mauris. Cras risus justo, aliquet vitae congue a, elementum a enim', 'Thi-TP-HCM.jpg', 1, 0, 1, 1, NULL, NULL),
(91, 'Việt Nam đoạt 4 huy chương Olympic Hóa học', 'Sáng nay, Cục phó Khảo thí (Bộ GD&ĐT) Trần Văn Nghĩa cho hay, 4 học sinh Việt Nam dự Olympic Hóa học tại Nhật Bản đã giành được 2 huy chương Bạc và 2 huy chương Đồng', 'Mauris rhoncus a nulla ut sollicitudin. Curabitur interdum turpis non lacus posuere, eu hendrerit nisi ornare. In hac habitasse platea dictumst. Ut euismod quis lorem quis efficitur. Aliquam tempus mattis iaculis. Duis at lacus id nunc porttitor faucibus. Nullam pretium egestas fringilla. Aenean at tellus a elit molestie dignissim in sed lacus. Nunc id urna quis tellus eleifend pulvinar eu sagittis nisi. Nunc quam purus, pharetra ut ipsum nec, convallis rutrum magna. Donec ut mi mauris. Cras risus justo, aliquet vitae congue a, elementum a enim', 'IChO.jpg', 1, 0, 1, 1, NULL, NULL),
(92, 'Chàng trai mồ côi trở thành thủ khoa 30 điểm', 'Ngay khi nhận kết quả thủ khoa ĐH Ngoại thương với số điểm tuyệt đối, ngôi nhà nhỏ ở xã Yên Sơn (Đô Lương, Nghệ An) của Bình luôn chật kín khách. Người ở gần thì đến chúc mừng cậu học trò cưng của xóm làng, người làng xa đến “xem mặt” thủ khoa của một trường danh tiếng. Còn Bình thì vừa bận tiếp khách, vừa tranh thủ nghe điện thoại chúc mừng, khuôn mặt đỏ ửng ngượng nghịu.', 'Mauris rhoncus a nulla ut sollicitudin. Curabitur interdum turpis non lacus posuere, eu hendrerit nisi ornare. In hac habitasse platea dictumst. Ut euismod quis lorem quis efficitur. Aliquam tempus mattis iaculis. Duis at lacus id nunc porttitor faucibus. Nullam pretium egestas fringilla. Aenean at tellus a elit molestie dignissim in sed lacus. Nunc id urna quis tellus eleifend pulvinar eu sagittis nisi. Nunc quam purus, pharetra ut ipsum nec, convallis rutrum magna. Donec ut mi mauris. Cras risus justo, aliquet vitae congue a, elementum a enim', 'binh.jpg', 1, 0, 1, 1, NULL, NULL),
(93, 'Thủ khoa đại học Khoa học tự nhiên TP HCM đạt 28,5 điểm', 'hiều 26/7, Đại học Khoa học tự nhiên TP HCM công bố kết quả điểm thi và điểm chuẩn dự kiến đối với các ngành. Thủ khoa khối A là Nguyễn Mạnh Tiến đạt 28,5 điểm (Toán 9,75; Lý 9; Hóa 9,5). Thí sinh Phạm Thị Lộc Xuân dẫn đầu khối B với 27,5 điểm (Sinh 9; Toán 9; Hóa 9,5).', 'Mauris rhoncus a nulla ut sollicitudin. Curabitur interdum turpis non lacus posuere, eu hendrerit nisi ornare. In hac habitasse platea dictumst. Ut euismod quis lorem quis efficitur. Aliquam tempus mattis iaculis. Duis at lacus id nunc porttitor faucibus. Nullam pretium egestas fringilla. Aenean at tellus a elit molestie dignissim in sed lacus. Nunc id urna quis tellus eleifend pulvinar eu sagittis nisi. Nunc quam purus, pharetra ut ipsum nec, convallis rutrum magna. Donec ut mi mauris. Cras risus justo, aliquet vitae congue a, elementum a enim', 'diem1.jpg', 1, 0, 1, 1, NULL, NULL),
(94, 'Hai học sinh lớp 11 đoạt huy chương Olympic Vật lý', 'Trong số 5 học sinh Việt Nam đoạt huy chương Olympic Vật lý Quốc tế (IPHO) 41 tại Croatia, Phan Văn Trung (THPT Hà Nội - Amsterdam) và Nguyễn Hoành Đạo (Chuyên Lam Sơn, Thanh Hóa) là 2 học sinh trẻ nhất. ', 'Mauris rhoncus a nulla ut sollicitudin. Curabitur interdum turpis non lacus posuere, eu hendrerit nisi ornare. In hac habitasse platea dictumst. Ut euismod quis lorem quis efficitur. Aliquam tempus mattis iaculis. Duis at lacus id nunc porttitor faucibus. Nullam pretium egestas fringilla. Aenean at tellus a elit molestie dignissim in sed lacus. Nunc id urna quis tellus eleifend pulvinar eu sagittis nisi. Nunc quam purus, pharetra ut ipsum nec, convallis rutrum magna. Donec ut mi mauris. Cras risus justo, aliquet vitae congue a, elementum a enim', 'HCV.jpg', 1, 0, 1, 1, NULL, NULL),
(95, 'Sinh viên thể thao khỏe khoắn trên sàn diễn', 'Những sinh viên Đại học Thể dục thể thao II, TP HCM thướt tha trong những bộ áo dài hay trang phục khỏe khoắn trình diễn như người mẫu trên sàn catwalk.', 'Mauris rhoncus a nulla ut sollicitudin. Curabitur interdum turpis non lacus posuere, eu hendrerit nisi ornare. In hac habitasse platea dictumst. Ut euismod quis lorem quis efficitur. Aliquam tempus mattis iaculis. Duis at lacus id nunc porttitor faucibus. Nullam pretium egestas fringilla. Aenean at tellus a elit molestie dignissim in sed lacus. Nunc id urna quis tellus eleifend pulvinar eu sagittis nisi. Nunc quam purus, pharetra ut ipsum nec, convallis rutrum magna. Donec ut mi mauris. Cras risus justo, aliquet vitae congue a, elementum a enim', 'thethao2.jpg', 1, 0, 2, 1, NULL, NULL),
(96, 'Nữ sinh báo chí đoạt giải đặc biệt cuộc thi hát tiếng Anh', 'Luôn dành thời gian chuẩn bị chu đáo trước khi lên sân khấu và sở hữu giọng ca mượt mà, Phan Khánh Hà, sinh viên Học viện Báo chí, đã được hội đồng giám khảo trao giải đặc biệt.', 'Mauris rhoncus a nulla ut sollicitudin. Curabitur interdum turpis non lacus posuere, eu hendrerit nisi ornare. In hac habitasse platea dictumst. Ut euismod quis lorem quis efficitur. Aliquam tempus mattis iaculis. Duis at lacus id nunc porttitor faucibus. Nullam pretium egestas fringilla. Aenean at tellus a elit molestie dignissim in sed lacus. Nunc id urna quis tellus eleifend pulvinar eu sagittis nisi. Nunc quam purus, pharetra ut ipsum nec, convallis rutrum magna. Donec ut mi mauris. Cras risus justo, aliquet vitae congue a, elementum a enim', 'chung_ket_hat_ta_(5).jpg', 1, 0, 2, 1, NULL, NULL),
(97, 'Chàng sinh viên có bàn tay vàng', 'Đoạt giải nhất hội thi tay nghề thành phố, Hoàng Văn Tùng đã xuất sắc giành vị trí số 1 tại hội thi tay nghề quốc gia và ASEAN.', 'Mauris rhoncus a nulla ut sollicitudin. Curabitur interdum turpis non lacus posuere, eu hendrerit nisi ornare. In hac habitasse platea dictumst. Ut euismod quis lorem quis efficitur. Aliquam tempus mattis iaculis. Duis at lacus id nunc porttitor faucibus. Nullam pretium egestas fringilla. Aenean at tellus a elit molestie dignissim in sed lacus. Nunc id urna quis tellus eleifend pulvinar eu sagittis nisi. Nunc quam purus, pharetra ut ipsum nec, convallis rutrum magna. Donec ut mi mauris. Cras risus justo, aliquet vitae congue a, elementum a enim', 'tung.jpg', 1, 0, 2, 1, NULL, NULL),
(98, 'Vũ điệu bốc lửa của các cặp nhảy hàng đầu Việt Nam', 'Tối 14/1 các ngôi sao khiêu vũ thể thao Khánh Thi, Chí Anh... đã làm nóng nhà thi đấu Trịnh Hoài Đức (Hà Nội) bằng những vũ điệu bốc lửa, lãng mạn.', 'Mauris rhoncus a nulla ut sollicitudin. Curabitur interdum turpis non lacus posuere, eu hendrerit nisi ornare. In hac habitasse platea dictumst. Ut euismod quis lorem quis efficitur. Aliquam tempus mattis iaculis. Duis at lacus id nunc porttitor faucibus. Nullam pretium egestas fringilla. Aenean at tellus a elit molestie dignissim in sed lacus. Nunc id urna quis tellus eleifend pulvinar eu sagittis nisi. Nunc quam purus, pharetra ut ipsum nec, convallis rutrum magna. Donec ut mi mauris. Cras risus justo, aliquet vitae congue a, elementum a enim', 'khieuvu7.jpg', 1, 0, 2, 1, NULL, NULL),
(99, 'Muôn kiểu chống rét của sinh viên', 'Lấy máy sấy sấy cho chăn ấm lên trước khi đi ngủ, thắp bóng điện dây tóc công suất lớn hoặc đổ nước ấm vào chai để ôm là những cách để chống rét của sinh viên Hà Nội.', 'Mauris rhoncus a nulla ut sollicitudin. Curabitur interdum turpis non lacus posuere, eu hendrerit nisi ornare. In hac habitasse platea dictumst. Ut euismod quis lorem quis efficitur. Aliquam tempus mattis iaculis. Duis at lacus id nunc porttitor faucibus. Nullam pretium egestas fringilla. Aenean at tellus a elit molestie dignissim in sed lacus. Nunc id urna quis tellus eleifend pulvinar eu sagittis nisi. Nunc quam purus, pharetra ut ipsum nec, convallis rutrum magna. Donec ut mi mauris. Cras risus justo, aliquet vitae congue a, elementum a enim', 'retmoi.jpg', 1, 0, 2, 1, NULL, NULL),
(100, '10 gương mặt chung kết Hot VTeen 2010', 'Sau gần một năm khởi động, cuộc thi tìm kiếm chân dung tuổi teen Việt Nam đã tìm ra các thí sinh xuất sắc. Các bạn sẽ thể hiện tài năng trong đêm chung kết quốc gia tại Nhà văn hóa sinh viên TP HCM, tối 14/1.', 'Mauris rhoncus a nulla ut sollicitudin. Curabitur interdum turpis non lacus posuere, eu hendrerit nisi ornare. In hac habitasse platea dictumst. Ut euismod quis lorem quis efficitur. Aliquam tempus mattis iaculis. Duis at lacus id nunc porttitor faucibus. Nullam pretium egestas fringilla. Aenean at tellus a elit molestie dignissim in sed lacus. Nunc id urna quis tellus eleifend pulvinar eu sagittis nisi. Nunc quam purus, pharetra ut ipsum nec, convallis rutrum magna. Donec ut mi mauris. Cras risus justo, aliquet vitae congue a, elementum a enim', 'hotteen-1.jpg', 1, 0, 2, 1, NULL, NULL),
(101, 'Miss Teen Diễm Trang khoe vẻ đẹp khỏe khoắn', 'Áo thun, quần jeans bó sát, Ngôi sao tuổi teen 2010 tươi cười trẻ trung trên phố Sài Gòn.', 'Mauris rhoncus a nulla ut sollicitudin. Curabitur interdum turpis non lacus posuere, eu hendrerit nisi ornare. In hac habitasse platea dictumst. Ut euismod quis lorem quis efficitur. Aliquam tempus mattis iaculis. Duis at lacus id nunc porttitor faucibus. Nullam pretium egestas fringilla. Aenean at tellus a elit molestie dignissim in sed lacus. Nunc id urna quis tellus eleifend pulvinar eu sagittis nisi. Nunc quam purus, pharetra ut ipsum nec, convallis rutrum magna. Donec ut mi mauris. Cras risus justo, aliquet vitae congue a, elementum a enim', '', 1, 0, 2, 1, NULL, NULL),
(102, 'Nữ sinh cao đẳng khoe nét duyên', '25 gương mặt của CĐ Nguyễn Tất Thành (TP HCM) thể hiện tài năng và vẻ thanh lịch trong cuộc thi tìm Hoa khôi của trường vào cuối tuần qua.', 'Mauris rhoncus a nulla ut sollicitudin. Curabitur interdum turpis non lacus posuere, eu hendrerit nisi ornare. In hac habitasse platea dictumst. Ut euismod quis lorem quis efficitur. Aliquam tempus mattis iaculis. Duis at lacus id nunc porttitor faucibus. Nullam pretium egestas fringilla. Aenean at tellus a elit molestie dignissim in sed lacus. Nunc id urna quis tellus eleifend pulvinar eu sagittis nisi. Nunc quam purus, pharetra ut ipsum nec, convallis rutrum magna. Donec ut mi mauris. Cras risus justo, aliquet vitae congue a, elementum a enim', '', 1, 0, 2, 1, NULL, NULL),
(103, 'Người mẫu 12 tuổi rạng rỡ đầu năm mới', 'Trong nắng Sài Gòn, Bảo Trân duyên dáng với mái tóc dài búi cao, khi lại tinh nghịch với tóc tém tuổi mới lớn. Người mẫu 12 tuổi này đang gây nên cơn sốt trong giới trẻ.', 'Mauris rhoncus a nulla ut sollicitudin. Curabitur interdum turpis non lacus posuere, eu hendrerit nisi ornare. In hac habitasse platea dictumst. Ut euismod quis lorem quis efficitur. Aliquam tempus mattis iaculis. Duis at lacus id nunc porttitor faucibus. Nullam pretium egestas fringilla. Aenean at tellus a elit molestie dignissim in sed lacus. Nunc id urna quis tellus eleifend pulvinar eu sagittis nisi. Nunc quam purus, pharetra ut ipsum nec, convallis rutrum magna. Donec ut mi mauris. Cras risus justo, aliquet vitae congue a, elementum a enim', 'bao-tran-11.jpg', 1, 0, 2, 1, NULL, NULL),
(104, 'Màn tỏ tình ấn tượng trong giá rét 10 độ C', 'Trong cái lạnh tê cóng 10 độ C, giữa bãi sông Hồng (Hà Nội), một chàng trai miệt mài xe cát thành hình trái tim lớn, viết tên mình và người yêu lên đó với hy vọng bạn gái nhìn thấy.', 'Mauris rhoncus a nulla ut sollicitudin. Curabitur interdum turpis non lacus posuere, eu hendrerit nisi ornare. In hac habitasse platea dictumst. Ut euismod quis lorem quis efficitur. Aliquam tempus mattis iaculis. Duis at lacus id nunc porttitor faucibus. Nullam pretium egestas fringilla. Aenean at tellus a elit molestie dignissim in sed lacus. Nunc id urna quis tellus eleifend pulvinar eu sagittis nisi. Nunc quam purus, pharetra ut ipsum nec, convallis rutrum magna. Donec ut mi mauris. Cras risus justo, aliquet vitae congue a, elementum a enim', 'to_tinh1990-6.jpg', 1, 0, 2, 1, NULL, NULL),
(105, 'Chàng trai vàng của Tin học Việt Nam', 'Là sinh viên năm thứ 5 của ĐH Khoa học tự nhiên (TP HCM), Trịnh Trần Đăng Khoa đã có 3 năm huấn luyện cho đội tuyển Olympic tin học của ĐH công nghệ thông tin (ĐH Quốc gia TP HCM) và liên tiếp giành giải cao trong các kỳ thi Tin học quốc tế. ', 'Mauris rhoncus a nulla ut sollicitudin. Curabitur interdum turpis non lacus posuere, eu hendrerit nisi ornare. In hac habitasse platea dictumst. Ut euismod quis lorem quis efficitur. Aliquam tempus mattis iaculis. Duis at lacus id nunc porttitor faucibus. Nullam pretium egestas fringilla. Aenean at tellus a elit molestie dignissim in sed lacus. Nunc id urna quis tellus eleifend pulvinar eu sagittis nisi. Nunc quam purus, pharetra ut ipsum nec, convallis rutrum magna. Donec ut mi mauris. Cras risus justo, aliquet vitae congue a, elementum a enim', 'dang_khoa.jpg', 1, 0, 2, 1, NULL, NULL),
(106, 'Cô gái ăn chay vì môi trường', 'Nhằm hạn chế nguồn khí thải nhà kính, kêu gọi người dân giảm ăn thịt, Trang đã phát động chiến dịch “Ăn chay vì môi trường”. Lần đầu tiên được tổ chức tại Việt Nam, chiến dịch đã thu hút đông đảo bạn trẻ tham gia.', 'Mauris rhoncus a nulla ut sollicitudin. Curabitur interdum turpis non lacus posuere, eu hendrerit nisi ornare. In hac habitasse platea dictumst. Ut euismod quis lorem quis efficitur. Aliquam tempus mattis iaculis. Duis at lacus id nunc porttitor faucibus. Nullam pretium egestas fringilla. Aenean at tellus a elit molestie dignissim in sed lacus. Nunc id urna quis tellus eleifend pulvinar eu sagittis nisi. Nunc quam purus, pharetra ut ipsum nec, convallis rutrum magna. Donec ut mi mauris. Cras risus justo, aliquet vitae congue a, elementum a enim', 'trang.jpg', 1, 0, 2, 1, NULL, NULL),
(107, 'Cô hoa khôi giỏi giang của Học viện Ngoại giao', 'Là Miss ứng xử của cuộc thi hoa khôi sinh viên Hà Nội, Ngụy Hải An gây ấn tượng với người tiếp xúc bởi sự sắc sảo và bảng thành tích học tập, hoạt động ngoại khóa đáng nể.', 'Mauris rhoncus a nulla ut sollicitudin. Curabitur interdum turpis non lacus posuere, eu hendrerit nisi ornare. In hac habitasse platea dictumst. Ut euismod quis lorem quis efficitur. Aliquam tempus mattis iaculis. Duis at lacus id nunc porttitor faucibus. Nullam pretium egestas fringilla. Aenean at tellus a elit molestie dignissim in sed lacus. Nunc id urna quis tellus eleifend pulvinar eu sagittis nisi. Nunc quam purus, pharetra ut ipsum nec, convallis rutrum magna. Donec ut mi mauris. Cras risus justo, aliquet vitae congue a, elementum a enim', 'Hai_An_3.jpg', 1, 0, 2, 1, NULL, NULL),
(108, '10 gương mặt trẻ tiêu biểu của thủ đô', 'Trở thành phó giáo sư, tiến sĩ khoa học khi mới 34 tuổi, mới học lớp 4 đã là kiện tướng cờ vua hay liên tiếp giành giải nhất các cuộc thi piano quốc tế và châu Á là những thành tích nổi bật của các gương mặt trẻ thủ đô tiêu biểu.', 'Mauris rhoncus a nulla ut sollicitudin. Curabitur interdum turpis non lacus posuere, eu hendrerit nisi ornare. In hac habitasse platea dictumst. Ut euismod quis lorem quis efficitur. Aliquam tempus mattis iaculis. Duis at lacus id nunc porttitor faucibus. Nullam pretium egestas fringilla. Aenean at tellus a elit molestie dignissim in sed lacus. Nunc id urna quis tellus eleifend pulvinar eu sagittis nisi. Nunc quam purus, pharetra ut ipsum nec, convallis rutrum magna. Donec ut mi mauris. Cras risus justo, aliquet vitae congue a, elementum a enim', 'tran_van_tan.jpg', 1, 0, 2, 1, NULL, NULL),
(109, 'Thử tài thiết kế thời trang của sinh viên', 'Mới lạ, độc đáo và mang tính ứng dụng cao là tiêu chí dành cho các tác phẩm dự thi \"Hutech Designer 2011\". Năm nay cuộc thi được mở rộng trong phạm vi toàn quốc.', 'Mauris rhoncus a nulla ut sollicitudin. Curabitur interdum turpis non lacus posuere, eu hendrerit nisi ornare. In hac habitasse platea dictumst. Ut euismod quis lorem quis efficitur. Aliquam tempus mattis iaculis. Duis at lacus id nunc porttitor faucibus. Nullam pretium egestas fringilla. Aenean at tellus a elit molestie dignissim in sed lacus. Nunc id urna quis tellus eleifend pulvinar eu sagittis nisi. Nunc quam purus, pharetra ut ipsum nec, convallis rutrum magna. Donec ut mi mauris. Cras risus justo, aliquet vitae congue a, elementum a enim', 'thiet-ke-5.jpg', 1, 0, 2, 1, NULL, NULL),
(110, 'Hải Yến đoạt giải hoa khôi sinh viên Hà Nội', 'Không chỉ được Ban giám khảo trao danh hiệu Hoa khôi sinh viên Hà Nội 2010, Hải Yến - sinh viên CĐ Cộng đồng Hà Nội còn là thí sinh được khán giả bình chọn nhiều nhất qua mạng.', 'Mauris rhoncus a nulla ut sollicitudin. Curabitur interdum turpis non lacus posuere, eu hendrerit nisi ornare. In hac habitasse platea dictumst. Ut euismod quis lorem quis efficitur. Aliquam tempus mattis iaculis. Duis at lacus id nunc porttitor faucibus. Nullam pretium egestas fringilla. Aenean at tellus a elit molestie dignissim in sed lacus. Nunc id urna quis tellus eleifend pulvinar eu sagittis nisi. Nunc quam purus, pharetra ut ipsum nec, convallis rutrum magna. Donec ut mi mauris. Cras risus justo, aliquet vitae congue a, elementum a enim', 'hoakhoi19.jpg', 1, 0, 2, 1, NULL, NULL),
(111, 'Đại biểu nhỏ tuổi nhất dự đại hội thi đua yêu nước', '4 năm liền là học sinh giỏi, là lớp trưởng, sở hữu bộ huy chương vàng, bạc các môn năng khiếu trong và ngoài nước, Trần Ngọc Diễm Huyền, học sinh lớp 5 trường tiểu học Nam Thành Công (Hà Nội) là đại biểu nhỏ tuổi nhất dự đại hội thi đua yêu nước toàn quốc.', 'Mauris rhoncus a nulla ut sollicitudin. Curabitur interdum turpis non lacus posuere, eu hendrerit nisi ornare. In hac habitasse platea dictumst. Ut euismod quis lorem quis efficitur. Aliquam tempus mattis iaculis. Duis at lacus id nunc porttitor faucibus. Nullam pretium egestas fringilla. Aenean at tellus a elit molestie dignissim in sed lacus. Nunc id urna quis tellus eleifend pulvinar eu sagittis nisi. Nunc quam purus, pharetra ut ipsum nec, convallis rutrum magna. Donec ut mi mauris. Cras risus justo, aliquet vitae congue a, elementum a enim', 'huyen01.jpg', 1, 0, 2, 1, NULL, NULL),
(112, 'Ông già Noel trượt patin tặng quà trẻ em', 'Vác bịch quà trên vai, ông già Noel trượt vèo vèo trên phố tặng quà cho các em nhỏ trong đêm Giáng sinh tại Sài Gòn. Phương tiện di chuyển đặc biệt của ông gây chú ý cho đông đảo người đi đường.', 'Mauris rhoncus a nulla ut sollicitudin. Curabitur interdum turpis non lacus posuere, eu hendrerit nisi ornare. In hac habitasse platea dictumst. Ut euismod quis lorem quis efficitur. Aliquam tempus mattis iaculis. Duis at lacus id nunc porttitor faucibus. Nullam pretium egestas fringilla. Aenean at tellus a elit molestie dignissim in sed lacus. Nunc id urna quis tellus eleifend pulvinar eu sagittis nisi. Nunc quam purus, pharetra ut ipsum nec, convallis rutrum magna. Donec ut mi mauris. Cras risus justo, aliquet vitae congue a, elementum a enim', 'ong-gia-noel-patin-3.jpg', 1, 0, 2, 1, NULL, NULL),
(113, 'Tuyển người yêu đi chơi Noel', '\"Noel sắp đến mà tình yêu tan vỡ nên cần thuê người đi chơi cùng. Bờ vai sẽ được nhận quà do mình chuẩn bị\". Chỉ sau một ngày đăng trên mạng, Hương (23 tuổi) đóng topic vì đã tìm được đối tác trong đêm Giáng sinh.', 'Mauris rhoncus a nulla ut sollicitudin. Curabitur interdum turpis non lacus posuere, eu hendrerit nisi ornare. In hac habitasse platea dictumst. Ut euismod quis lorem quis efficitur. Aliquam tempus mattis iaculis. Duis at lacus id nunc porttitor faucibus. Nullam pretium egestas fringilla. Aenean at tellus a elit molestie dignissim in sed lacus. Nunc id urna quis tellus eleifend pulvinar eu sagittis nisi. Nunc quam purus, pharetra ut ipsum nec, convallis rutrum magna. Donec ut mi mauris. Cras risus justo, aliquet vitae congue a, elementum a enim', 'Noel-2.jpg', 1, 0, 2, 1, NULL, NULL),
(114, 'Những món quà dễ thương của teen mùa Giáng sinh', 'Những món quà handmade dễ thương, ý nghĩa đang là lựa chọn của các bạn trẻ dành tặng bạn bè và người yêu dịp Noel.', 'Mauris rhoncus a nulla ut sollicitudin. Curabitur interdum turpis non lacus posuere, eu hendrerit nisi ornare. In hac habitasse platea dictumst. Ut euismod quis lorem quis efficitur. Aliquam tempus mattis iaculis. Duis at lacus id nunc porttitor faucibus. Nullam pretium egestas fringilla. Aenean at tellus a elit molestie dignissim in sed lacus. Nunc id urna quis tellus eleifend pulvinar eu sagittis nisi. Nunc quam purus, pharetra ut ipsum nec, convallis rutrum magna. Donec ut mi mauris. Cras risus justo, aliquet vitae congue a, elementum a enim', 'goi_in_hinh_1.jpg', 1, 0, 2, 1, NULL, NULL),
(115, 'Gửi thiệp Giáng sinh cho người yêu thương', '“Tặng thiệp Giáng sinh – Rinh quà hấp dẫn” là chương trình do báo điện tử Ngoisao.net tổ chức. Những chiếc thiệp do độc giả sáng tạo hoặc lấy từ mẫu của chương trình sẽ được đăng và được BTC gửi tới e-mail người nhận.', 'Mauris rhoncus a nulla ut sollicitudin. Curabitur interdum turpis non lacus posuere, eu hendrerit nisi ornare. In hac habitasse platea dictumst. Ut euismod quis lorem quis efficitur. Aliquam tempus mattis iaculis. Duis at lacus id nunc porttitor faucibus. Nullam pretium egestas fringilla. Aenean at tellus a elit molestie dignissim in sed lacus. Nunc id urna quis tellus eleifend pulvinar eu sagittis nisi. Nunc quam purus, pharetra ut ipsum nec, convallis rutrum magna. Donec ut mi mauris. Cras risus justo, aliquet vitae congue a, elementum a enim', 'Thiep-1.jpg', 1, 0, 2, 1, NULL, NULL),
(116, 'Hot girl Sài Gòn xinh tươi đón Noel', 'Diện váy đỏ, choàng khăn len trắng, hot girl Bảo Ngọc thích thú khi được đắm mình trong gian đầy màu sắc khi mùa Giáng sinh đang đến gần. ', 'Mauris rhoncus a nulla ut sollicitudin. Curabitur interdum turpis non lacus posuere, eu hendrerit nisi ornare. In hac habitasse platea dictumst. Ut euismod quis lorem quis efficitur. Aliquam tempus mattis iaculis. Duis at lacus id nunc porttitor faucibus. Nullam pretium egestas fringilla. Aenean at tellus a elit molestie dignissim in sed lacus. Nunc id urna quis tellus eleifend pulvinar eu sagittis nisi. Nunc quam purus, pharetra ut ipsum nec, convallis rutrum magna. Donec ut mi mauris. Cras risus justo, aliquet vitae congue a, elementum a enim', '250.jpg', 1, 0, 2, 1, NULL, NULL),
(117, 'Thành đoàn Hà Nội nhận giải tổ chức đoàn xuất sắc ASEAN', 'Trong ngày thanh niên Đông Nam Á được tổ chức từ 18 đến 21/12, thành đoàn Hà Nội đã nhận giải tổ chức thanh niên xuất sắc khu vực.', 'Mauris rhoncus a nulla ut sollicitudin. Curabitur interdum turpis non lacus posuere, eu hendrerit nisi ornare. In hac habitasse platea dictumst. Ut euismod quis lorem quis efficitur. Aliquam tempus mattis iaculis. Duis at lacus id nunc porttitor faucibus. Nullam pretium egestas fringilla. Aenean at tellus a elit molestie dignissim in sed lacus. Nunc id urna quis tellus eleifend pulvinar eu sagittis nisi. Nunc quam purus, pharetra ut ipsum nec, convallis rutrum magna. Donec ut mi mauris. Cras risus justo, aliquet vitae congue a, elementum a enim', 'doan.jpg', 1, 0, 2, 1, NULL, NULL);
INSERT INTO `tintuc` (`id`, `TieuDe`, `TomTat`, `NoiDung`, `Hinh`, `NoiBat`, `SoLuotXem`, `idLoaiTin`, `active`, `created_at`, `updated_at`) VALUES
(118, 'Cô gái đòi công lý cho nạn nhân chất độc da cam', 'Cả nghìn người dự phiên điều trần tố cáo tội ác của chủ nghĩa đế quốc tại Nam Phi lặng đi khi thấy Trần Thị Hoan bước lên bục phát biểu trên đôi chân chỉ còn từ đầu gối trở lên, cánh tay trái thiếu mất bàn tay. ', 'Mauris rhoncus a nulla ut sollicitudin. Curabitur interdum turpis non lacus posuere, eu hendrerit nisi ornare. In hac habitasse platea dictumst. Ut euismod quis lorem quis efficitur. Aliquam tempus mattis iaculis. Duis at lacus id nunc porttitor faucibus. Nullam pretium egestas fringilla. Aenean at tellus a elit molestie dignissim in sed lacus. Nunc id urna quis tellus eleifend pulvinar eu sagittis nisi. Nunc quam purus, pharetra ut ipsum nec, convallis rutrum magna. Donec ut mi mauris. Cras risus justo, aliquet vitae congue a, elementum a enim', 'Festival-17_Hoan-7.jpg', 1, 0, 2, 1, NULL, NULL),
(119, 'Hot girl Bảo Ngọc khoe vẻ đẹp lạnh lùng', 'Thoát khỏi hình ảnh trẻ trung, xinh tươi hằng ngày, hot girl của Sài Gòn hóa thân thành thiếu nữ mang vẻ đẹp buồn, chất chứa nhiều tâm trạng. Bảo Ngọc cho biết, đây là cách cô làm mới chính mình.', 'Mauris rhoncus a nulla ut sollicitudin. Curabitur interdum turpis non lacus posuere, eu hendrerit nisi ornare. In hac habitasse platea dictumst. Ut euismod quis lorem quis efficitur. Aliquam tempus mattis iaculis. Duis at lacus id nunc porttitor faucibus. Nullam pretium egestas fringilla. Aenean at tellus a elit molestie dignissim in sed lacus. Nunc id urna quis tellus eleifend pulvinar eu sagittis nisi. Nunc quam purus, pharetra ut ipsum nec, convallis rutrum magna. Donec ut mi mauris. Cras risus justo, aliquet vitae congue a, elementum a enim', '400x250.jpg', 1, 0, 2, 1, NULL, NULL),
(120, 'Nón lá Việt Nam tại ‘lục địa đen’', 'Bị “hút hồn” bởi vẻ đẹp và sự tiện dụng của nón lá, các thiếu nữ ở Nam Phi thích thú làm dáng với sản phẩm đặc trưng của Việt Nam. VnExpress.net ghi lại hình ảnh tại Festival thanh niên, sinh viên lần thứ 17.', 'Mauris rhoncus a nulla ut sollicitudin. Curabitur interdum turpis non lacus posuere, eu hendrerit nisi ornare. In hac habitasse platea dictumst. Ut euismod quis lorem quis efficitur. Aliquam tempus mattis iaculis. Duis at lacus id nunc porttitor faucibus. Nullam pretium egestas fringilla. Aenean at tellus a elit molestie dignissim in sed lacus. Nunc id urna quis tellus eleifend pulvinar eu sagittis nisi. Nunc quam purus, pharetra ut ipsum nec, convallis rutrum magna. Donec ut mi mauris. Cras risus justo, aliquet vitae congue a, elementum a enim', 'Fesitval-17_Non-la-12.jpg', 1, 0, 2, 1, NULL, NULL),
(121, 'Du học hè Singapore 2011', 'Đăng ký trước ngày 29/1, học sinh sẽ được tặng 6 triệu đồng khi tham gia lịch trình 4 tuần ở tại resort và tặng 4 triệu đồng cho học sinh tham gia lịch trình 2 hoặc 3 tuần ở tại resort.', 'Mauris rhoncus a nulla ut sollicitudin. Curabitur interdum turpis non lacus posuere, eu hendrerit nisi ornare. In hac habitasse platea dictumst. Ut euismod quis lorem quis efficitur. Aliquam tempus mattis iaculis. Duis at lacus id nunc porttitor faucibus. Nullam pretium egestas fringilla. Aenean at tellus a elit molestie dignissim in sed lacus. Nunc id urna quis tellus eleifend pulvinar eu sagittis nisi. Nunc quam purus, pharetra ut ipsum nec, convallis rutrum magna. Donec ut mi mauris. Cras risus justo, aliquet vitae congue a, elementum a enim', '400.jpg', 1, 0, 3, 1, NULL, NULL),
(122, 'Chương trình trung học tại Canada', 'Bà Birgit Hartel, Giám đốc tuyển sinh nhóm các trường công lập River East Transcona, tỉnh Manitoba, Canada sẽ giới thiệu về môi trường sống và học tập từ 18h đến 20h ngày 21/1 tại số 22 phố Phạm Huy Thông, Ba Đình, Hà Nội.', 'Mauris rhoncus a nulla ut sollicitudin. Curabitur interdum turpis non lacus posuere, eu hendrerit nisi ornare. In hac habitasse platea dictumst. Ut euismod quis lorem quis efficitur. Aliquam tempus mattis iaculis. Duis at lacus id nunc porttitor faucibus. Nullam pretium egestas fringilla. Aenean at tellus a elit molestie dignissim in sed lacus. Nunc id urna quis tellus eleifend pulvinar eu sagittis nisi. Nunc quam purus, pharetra ut ipsum nec, convallis rutrum magna. Donec ut mi mauris. Cras risus justo, aliquet vitae congue a, elementum a enim', 'New-Image250.jpg', 1, 0, 3, 1, NULL, NULL),
(123, 'Ngành quản trị khách sạn và du lịch tại Thụy Sĩ', 'G’Connect Education tổ chức buổi giới thiệu thông tin du học Thụy Sĩ với đại diện trường Quản lý khách sạn IHTTI vào từ 17h30 đến 20h30 ngày 24/2 tại khách sạn Sheraton, 88 Đồng Khởi, quận 1, TP HCM (Hanoi Room, tầng 2)', 'Mauris rhoncus a nulla ut sollicitudin. Curabitur interdum turpis non lacus posuere, eu hendrerit nisi ornare. In hac habitasse platea dictumst. Ut euismod quis lorem quis efficitur. Aliquam tempus mattis iaculis. Duis at lacus id nunc porttitor faucibus. Nullam pretium egestas fringilla. Aenean at tellus a elit molestie dignissim in sed lacus. Nunc id urna quis tellus eleifend pulvinar eu sagittis nisi. Nunc quam purus, pharetra ut ipsum nec, convallis rutrum magna. Donec ut mi mauris. Cras risus justo, aliquet vitae congue a, elementum a enim', 'Festival-17_Ve-tranh.jpg', 1, 0, 3, 1, NULL, NULL),
(124, 'Du học tại Queen Mary và London Metropolitan (Anh)', 'Đại diện trường Queen Mary và London Metropolitan sẽ tham gia hội thảo tuyển sinh được tổ chức tại Hà Nội và TP HCM.', 'Mauris rhoncus a nulla ut sollicitudin. Curabitur interdum turpis non lacus posuere, eu hendrerit nisi ornare. In hac habitasse platea dictumst. Ut euismod quis lorem quis efficitur. Aliquam tempus mattis iaculis. Duis at lacus id nunc porttitor faucibus. Nullam pretium egestas fringilla. Aenean at tellus a elit molestie dignissim in sed lacus. Nunc id urna quis tellus eleifend pulvinar eu sagittis nisi. Nunc quam purus, pharetra ut ipsum nec, convallis rutrum magna. Donec ut mi mauris. Cras risus justo, aliquet vitae congue a, elementum a enim', 'sunrise-1.jpg', 1, 0, 3, 1, NULL, NULL),
(125, 'Các trường Nhật ngữ tuyển sinh', 'Đại diện tuyển sinh của các trường Nhật ngữ tổ chức phỏng vấn và nhận hồ sơ trực tiếp từ học sinh có nguyện vọng du học Nhật Bản cho kỳ khai giảng tháng 7 tại Trung tâm thương mại và hợp tác quốc tế UDIC, Hà Nội.', 'Mauris rhoncus a nulla ut sollicitudin. Curabitur interdum turpis non lacus posuere, eu hendrerit nisi ornare. In hac habitasse platea dictumst. Ut euismod quis lorem quis efficitur. Aliquam tempus mattis iaculis. Duis at lacus id nunc porttitor faucibus. Nullam pretium egestas fringilla. Aenean at tellus a elit molestie dignissim in sed lacus. Nunc id urna quis tellus eleifend pulvinar eu sagittis nisi. Nunc quam purus, pharetra ut ipsum nec, convallis rutrum magna. Donec ut mi mauris. Cras risus justo, aliquet vitae congue a, elementum a enim', 'toi1.jpg', 1, 0, 3, 1, NULL, NULL),
(126, 'Học bổng 70% học phí đại học và cao học tại Mỹ', 'Hội thảo giới thiệu chương trình học bổng được tổ chức lúc 14h ngày 24/2 tại số 25 Vạn Bảo, Ba Đình, Hà Nội. 5 sinh viên khá, giỏi nộp hồ sơ đầu tiên sẽ được miễn 100% dịch vụ phí.', 'Mauris rhoncus a nulla ut sollicitudin. Curabitur interdum turpis non lacus posuere, eu hendrerit nisi ornare. In hac habitasse platea dictumst. Ut euismod quis lorem quis efficitur. Aliquam tempus mattis iaculis. Duis at lacus id nunc porttitor faucibus. Nullam pretium egestas fringilla. Aenean at tellus a elit molestie dignissim in sed lacus. Nunc id urna quis tellus eleifend pulvinar eu sagittis nisi. Nunc quam purus, pharetra ut ipsum nec, convallis rutrum magna. Donec ut mi mauris. Cras risus justo, aliquet vitae congue a, elementum a enim', 'ASCI-250.jpg', 1, 0, 3, 1, NULL, NULL),
(127, 'Du học Singapore cùng Tập đoàn giáo dục Kaplan, Mỹ', 'Hội thảo giới thiệu chương trình được tổ chức lúc 16h ngày 19/2 tại khách sạn Kim Đô, 133 Nguyễn Huệ, quận 1, TP HCM. Tham gia chương trình học sinh có cơ hội nhận học bổng trị giá 135 triệu đồng.', 'Mauris rhoncus a nulla ut sollicitudin. Curabitur interdum turpis non lacus posuere, eu hendrerit nisi ornare. In hac habitasse platea dictumst. Ut euismod quis lorem quis efficitur. Aliquam tempus mattis iaculis. Duis at lacus id nunc porttitor faucibus. Nullam pretium egestas fringilla. Aenean at tellus a elit molestie dignissim in sed lacus. Nunc id urna quis tellus eleifend pulvinar eu sagittis nisi. Nunc quam purus, pharetra ut ipsum nec, convallis rutrum magna. Donec ut mi mauris. Cras risus justo, aliquet vitae congue a, elementum a enim', 'INCE.jpg', 1, 0, 3, 1, NULL, NULL),
(128, 'Chương trình học bổng 2011 của MDIS, Singapore', 'MDIS giới thiệu 4 chương trình học bổng cho các bậc thạc sĩ, cử nhân, cao đẳng hoặc cao đẳng nâng cao và học bổng khuyến học chương trình cử nhân hoặc thạc sĩ năm 2011.', 'Mauris rhoncus a nulla ut sollicitudin. Curabitur interdum turpis non lacus posuere, eu hendrerit nisi ornare. In hac habitasse platea dictumst. Ut euismod quis lorem quis efficitur. Aliquam tempus mattis iaculis. Duis at lacus id nunc porttitor faucibus. Nullam pretium egestas fringilla. Aenean at tellus a elit molestie dignissim in sed lacus. Nunc id urna quis tellus eleifend pulvinar eu sagittis nisi. Nunc quam purus, pharetra ut ipsum nec, convallis rutrum magna. Donec ut mi mauris. Cras risus justo, aliquet vitae congue a, elementum a enim', 'MDIS.jpg', 1, 0, 3, 1, NULL, NULL),
(129, 'Lập kế hoạch du học Australia năm 2011', 'Bạn sẽ được biết về cơ hội học tập tại Australia trong năm 2011 và những năm tiếp theo trong hội thảo từ 17h30 đến 19h30 ngày 18/2 tại khách sạn Equatorial số 242 Trần Bình Trọng, quận 5, TP HCM.', 'Mauris rhoncus a nulla ut sollicitudin. Curabitur interdum turpis non lacus posuere, eu hendrerit nisi ornare. In hac habitasse platea dictumst. Ut euismod quis lorem quis efficitur. Aliquam tempus mattis iaculis. Duis at lacus id nunc porttitor faucibus. Nullam pretium egestas fringilla. Aenean at tellus a elit molestie dignissim in sed lacus. Nunc id urna quis tellus eleifend pulvinar eu sagittis nisi. Nunc quam purus, pharetra ut ipsum nec, convallis rutrum magna. Donec ut mi mauris. Cras risus justo, aliquet vitae congue a, elementum a enim', '400x400.jpg', 1, 0, 3, 1, NULL, NULL),
(130, 'Chương trình quản trị kinh doanh quốc tế tại Việt Nam', 'Đây là chương trình diploma về quản trị kinh doanh quốc tế, học tại Việt Nam nhận bằng quốc tế của hội đồng khảo thí đại học Cambridge, Anh, tương đương chương trình Foundation tại Anh.', 'Mauris rhoncus a nulla ut sollicitudin. Curabitur interdum turpis non lacus posuere, eu hendrerit nisi ornare. In hac habitasse platea dictumst. Ut euismod quis lorem quis efficitur. Aliquam tempus mattis iaculis. Duis at lacus id nunc porttitor faucibus. Nullam pretium egestas fringilla. Aenean at tellus a elit molestie dignissim in sed lacus. Nunc id urna quis tellus eleifend pulvinar eu sagittis nisi. Nunc quam purus, pharetra ut ipsum nec, convallis rutrum magna. Donec ut mi mauris. Cras risus justo, aliquet vitae congue a, elementum a enim', 'Sunrise-250.jpg', 1, 0, 3, 1, NULL, NULL),
(131, 'Chương trình trung học tại Oxford, Anh', 'EF Việt Nam giới thiệu chương trình tú tài quốc tế (IBDP) và A-level dành cho học sinh trên 16 tuổi của Học viện EF quốc tế đặt tại các phân viện Oxford và Torbay, Anh.', 'Mauris rhoncus a nulla ut sollicitudin. Curabitur interdum turpis non lacus posuere, eu hendrerit nisi ornare. In hac habitasse platea dictumst. Ut euismod quis lorem quis efficitur. Aliquam tempus mattis iaculis. Duis at lacus id nunc porttitor faucibus. Nullam pretium egestas fringilla. Aenean at tellus a elit molestie dignissim in sed lacus. Nunc id urna quis tellus eleifend pulvinar eu sagittis nisi. Nunc quam purus, pharetra ut ipsum nec, convallis rutrum magna. Donec ut mi mauris. Cras risus justo, aliquet vitae congue a, elementum a enim', 'EF.jpg', 1, 0, 3, 1, NULL, NULL),
(132, 'Học bổng 100% học phí tại trường Brooke House, Anh', 'Ông Donald Williams, hiệu trưởng, sẽ có buổi nói chuyện về trường và trực tiếp phỏng vấn học bổng trị giá lên tới 100% học phí tại Hà Nội và TP HCM.', 'Mauris rhoncus a nulla ut sollicitudin. Curabitur interdum turpis non lacus posuere, eu hendrerit nisi ornare. In hac habitasse platea dictumst. Ut euismod quis lorem quis efficitur. Aliquam tempus mattis iaculis. Duis at lacus id nunc porttitor faucibus. Nullam pretium egestas fringilla. Aenean at tellus a elit molestie dignissim in sed lacus. Nunc id urna quis tellus eleifend pulvinar eu sagittis nisi. Nunc quam purus, pharetra ut ipsum nec, convallis rutrum magna. Donec ut mi mauris. Cras risus justo, aliquet vitae congue a, elementum a enim', 'Visco.jpg', 1, 0, 3, 1, NULL, NULL),
(133, 'Học bổng quản trị kinh doanh của Australia tại Việt Nam', 'Học bổng trị giá 15 triệu đồng mỗi suất (số lượng có hạn) chương trình quản trị kinh doanh của trường Martin College, Australia (MCP) dành cho học sinh của ILA.', 'Mauris rhoncus a nulla ut sollicitudin. Curabitur interdum turpis non lacus posuere, eu hendrerit nisi ornare. In hac habitasse platea dictumst. Ut euismod quis lorem quis efficitur. Aliquam tempus mattis iaculis. Duis at lacus id nunc porttitor faucibus. Nullam pretium egestas fringilla. Aenean at tellus a elit molestie dignissim in sed lacus. Nunc id urna quis tellus eleifend pulvinar eu sagittis nisi. Nunc quam purus, pharetra ut ipsum nec, convallis rutrum magna. Donec ut mi mauris. Cras risus justo, aliquet vitae congue a, elementum a enim', '400x259.jpg', 1, 0, 3, 1, NULL, NULL),
(134, 'Học bổng tú tài quốc tế tại AIC, New Zealand', 'Học bổng kéo dài từ 2 đến 3 năm, tùy thuộc vào kết quả thi tuyển, học tập và hoạt động ngoại khóa hiện tại của học sinh tại Việt Nam.', 'Mauris rhoncus a nulla ut sollicitudin. Curabitur interdum turpis non lacus posuere, eu hendrerit nisi ornare. In hac habitasse platea dictumst. Ut euismod quis lorem quis efficitur. Aliquam tempus mattis iaculis. Duis at lacus id nunc porttitor faucibus. Nullam pretium egestas fringilla. Aenean at tellus a elit molestie dignissim in sed lacus. Nunc id urna quis tellus eleifend pulvinar eu sagittis nisi. Nunc quam purus, pharetra ut ipsum nec, convallis rutrum magna. Donec ut mi mauris. Cras risus justo, aliquet vitae congue a, elementum a enim', '400x300.jpg', 1, 0, 3, 1, NULL, NULL),
(135, 'Đại học Greenwich, Anh tuyển sinh khóa mới', 'Trường tuyển sinh chương trình tiếng Anh, dự bị đại học, đại học, thạc sĩ và tiến sĩ khai giảng tháng 9/2011 và 1/2012. Đại học Greenwich cấp học bổng trị giá 1.000 GBP một năm cho toàn bộ khóa cử nhân và thạc sĩ.', 'Mauris rhoncus a nulla ut sollicitudin. Curabitur interdum turpis non lacus posuere, eu hendrerit nisi ornare. In hac habitasse platea dictumst. Ut euismod quis lorem quis efficitur. Aliquam tempus mattis iaculis. Duis at lacus id nunc porttitor faucibus. Nullam pretium egestas fringilla. Aenean at tellus a elit molestie dignissim in sed lacus. Nunc id urna quis tellus eleifend pulvinar eu sagittis nisi. Nunc quam purus, pharetra ut ipsum nec, convallis rutrum magna. Donec ut mi mauris. Cras risus justo, aliquet vitae congue a, elementum a enim', 'Visco (1).jpg', 1, 0, 3, 1, NULL, NULL),
(136, 'Đức Anh tuyển sinh các khoá tiếng Anh tại Hà Nội', 'Đức Anh tuyển sinh các lớp tiếng Anh khai giảng tại Dace vào ngày 14/2. Tất cả các học sinh học tại Dace sẽ được hỗ trợ 200 USD khi đăng ký du học.', 'Mauris rhoncus a nulla ut sollicitudin. Curabitur interdum turpis non lacus posuere, eu hendrerit nisi ornare. In hac habitasse platea dictumst. Ut euismod quis lorem quis efficitur. Aliquam tempus mattis iaculis. Duis at lacus id nunc porttitor faucibus. Nullam pretium egestas fringilla. Aenean at tellus a elit molestie dignissim in sed lacus. Nunc id urna quis tellus eleifend pulvinar eu sagittis nisi. Nunc quam purus, pharetra ut ipsum nec, convallis rutrum magna. Donec ut mi mauris. Cras risus justo, aliquet vitae congue a, elementum a enim', 'tuyensinh.jpg', 1, 0, 3, 1, NULL, NULL),
(137, 'Học bổng du học hè tại Mỹ 2011', 'Tổ chức giáo dục tại Mỹ AMVN Exchange (America – Vietnam Exchange) và trung tâm du học Mỹ AECT giới thiệu 3 chương trình trại hè 2011 tại Mỹ. Tham gia chương trình học sinh có cơ hội nhận học bổng trị giá tới 2.250 USD.', 'Mauris rhoncus a nulla ut sollicitudin. Curabitur interdum turpis non lacus posuere, eu hendrerit nisi ornare. In hac habitasse platea dictumst. Ut euismod quis lorem quis efficitur. Aliquam tempus mattis iaculis. Duis at lacus id nunc porttitor faucibus. Nullam pretium egestas fringilla. Aenean at tellus a elit molestie dignissim in sed lacus. Nunc id urna quis tellus eleifend pulvinar eu sagittis nisi. Nunc quam purus, pharetra ut ipsum nec, convallis rutrum magna. Donec ut mi mauris. Cras risus justo, aliquet vitae congue a, elementum a enim', 'hinh_2_400X194.jpg', 1, 0, 3, 1, NULL, NULL),
(138, 'Hội thảo ĐH Quản trị Khách sạn Du lịch Thụy Sĩ - SHMS', 'Chương trình hội thảo được tổ chức ngày 17h30 ngày 25/2 tại khách sạn Movenpick, 83A Lý Thường Kiệt, Hà Nội và 17h30 ngày 26/2 tại khách sạn Hoàng Anh Gia Lai, số 1 Nguyễn Văn Linh, Đà Nẵng.', 'Mauris rhoncus a nulla ut sollicitudin. Curabitur interdum turpis non lacus posuere, eu hendrerit nisi ornare. In hac habitasse platea dictumst. Ut euismod quis lorem quis efficitur. Aliquam tempus mattis iaculis. Duis at lacus id nunc porttitor faucibus. Nullam pretium egestas fringilla. Aenean at tellus a elit molestie dignissim in sed lacus. Nunc id urna quis tellus eleifend pulvinar eu sagittis nisi. Nunc quam purus, pharetra ut ipsum nec, convallis rutrum magna. Donec ut mi mauris. Cras risus justo, aliquet vitae congue a, elementum a enim', 'duhoc.jpg', 1, 0, 3, 1, NULL, NULL),
(139, 'Học bổng tại đại học Monash, Australia', 'Đại diện trường, tiến sĩ Hoa Levitas sẽ giới thiệu nội dung học bổng tại hội thảo tổ chức từ 16h đến 18h ngày 18/1 tại 32F Điện Biên Phủ, Hải Phòng và từ 16h đến 18h ngày 20/1 tại 96 Lò Đúc, Hà Nội.', 'Mauris rhoncus a nulla ut sollicitudin. Curabitur interdum turpis non lacus posuere, eu hendrerit nisi ornare. In hac habitasse platea dictumst. Ut euismod quis lorem quis efficitur. Aliquam tempus mattis iaculis. Duis at lacus id nunc porttitor faucibus. Nullam pretium egestas fringilla. Aenean at tellus a elit molestie dignissim in sed lacus. Nunc id urna quis tellus eleifend pulvinar eu sagittis nisi. Nunc quam purus, pharetra ut ipsum nec, convallis rutrum magna. Donec ut mi mauris. Cras risus justo, aliquet vitae congue a, elementum a enim', 'monash.jpg', 1, 0, 3, 1, NULL, NULL),
(140, 'UK Alumni Talk đầu năm của Hội đồng Anh', 'Alumni Talk tháng 1 chủ đề “Bí quyết học tập và trau dồi các kỹ năng phát triển nghề nghiệp qua các bậc học tại Anh”.', 'Mauris rhoncus a nulla ut sollicitudin. Curabitur interdum turpis non lacus posuere, eu hendrerit nisi ornare. In hac habitasse platea dictumst. Ut euismod quis lorem quis efficitur. Aliquam tempus mattis iaculis. Duis at lacus id nunc porttitor faucibus. Nullam pretium egestas fringilla. Aenean at tellus a elit molestie dignissim in sed lacus. Nunc id urna quis tellus eleifend pulvinar eu sagittis nisi. Nunc quam purus, pharetra ut ipsum nec, convallis rutrum magna. Donec ut mi mauris. Cras risus justo, aliquet vitae congue a, elementum a enim', 'HDA-250.jpg', 1, 0, 3, 1, NULL, NULL),
(141, 'Chương trình đào tạo mới của MDIS, Singapore', 'Tiến sĩ Eric Kuan, hiệu trưởng MDIS sẽ trực tiếp giới thiệu về các chương trình đào tạo mới, ký túc xá mới và các chính sách học bổng khuyến học dành cho sinh viên quốc tế trong hai ngày 15 và 16 tại Hà Nội và TP HCM.', 'Mauris rhoncus a nulla ut sollicitudin. Curabitur interdum turpis non lacus posuere, eu hendrerit nisi ornare. In hac habitasse platea dictumst. Ut euismod quis lorem quis efficitur. Aliquam tempus mattis iaculis. Duis at lacus id nunc porttitor faucibus. Nullam pretium egestas fringilla. Aenean at tellus a elit molestie dignissim in sed lacus. Nunc id urna quis tellus eleifend pulvinar eu sagittis nisi. Nunc quam purus, pharetra ut ipsum nec, convallis rutrum magna. Donec ut mi mauris. Cras risus justo, aliquet vitae congue a, elementum a enim', 'MDIS (1).jpg', 1, 0, 3, 1, NULL, NULL),
(142, 'Học bổng 2011 tại học viện ERC Singapore', 'Sinh viên có điểm trung bình toàn khoá học tại ERC đạt 7,5 trở lên được nhận học bổng lên đến 70% học phí cho khoá học cử nhân (trường hoàn trả 10.000 SGD) và thạc sĩ (trường hoàn trả 6.500 SGD).', 'Mauris rhoncus a nulla ut sollicitudin. Curabitur interdum turpis non lacus posuere, eu hendrerit nisi ornare. In hac habitasse platea dictumst. Ut euismod quis lorem quis efficitur. Aliquam tempus mattis iaculis. Duis at lacus id nunc porttitor faucibus. Nullam pretium egestas fringilla. Aenean at tellus a elit molestie dignissim in sed lacus. Nunc id urna quis tellus eleifend pulvinar eu sagittis nisi. Nunc quam purus, pharetra ut ipsum nec, convallis rutrum magna. Donec ut mi mauris. Cras risus justo, aliquet vitae congue a, elementum a enim', 'UK.jpg', 1, 0, 3, 1, NULL, NULL),
(143, 'Chương trình du học hè của ILA 2011', 'ILA giới thiệu 10 chương trình du học hè dành cho học sinh từ 8 đến 18 tuổi tại các nước Anh, Mỹ, Canada, Australia và Singapore.', 'Mauris rhoncus a nulla ut sollicitudin. Curabitur interdum turpis non lacus posuere, eu hendrerit nisi ornare. In hac habitasse platea dictumst. Ut euismod quis lorem quis efficitur. Aliquam tempus mattis iaculis. Duis at lacus id nunc porttitor faucibus. Nullam pretium egestas fringilla. Aenean at tellus a elit molestie dignissim in sed lacus. Nunc id urna quis tellus eleifend pulvinar eu sagittis nisi. Nunc quam purus, pharetra ut ipsum nec, convallis rutrum magna. Donec ut mi mauris. Cras risus justo, aliquet vitae congue a, elementum a enim', 'H1_400.jpg', 1, 0, 3, 1, NULL, NULL),
(144, 'Triển lãm du học Anh 2011', 'Đại diện 20 trường cao đẳng, đại học và các tổ chức giáo dục đến từ Anh sẽ tham gia triển lãm du học bậc sau phổ thông và dự bị đại học do Hội đồng Anh tổ chức ngày 15/1 tại Hà Nội và ngày 16/1 tại TP HCM.', 'Mauris rhoncus a nulla ut sollicitudin. Curabitur interdum turpis non lacus posuere, eu hendrerit nisi ornare. In hac habitasse platea dictumst. Ut euismod quis lorem quis efficitur. Aliquam tempus mattis iaculis. Duis at lacus id nunc porttitor faucibus. Nullam pretium egestas fringilla. Aenean at tellus a elit molestie dignissim in sed lacus. Nunc id urna quis tellus eleifend pulvinar eu sagittis nisi. Nunc quam purus, pharetra ut ipsum nec, convallis rutrum magna. Donec ut mi mauris. Cras risus justo, aliquet vitae congue a, elementum a enim', 'anh-2.jpg', 1, 0, 3, 1, NULL, NULL),
(145, 'Tháng tư vấn du học của VNPC', 'Từ ngày 1 đến 31/1, VNPC tổ chức “Tháng tư vấn du học Anh, Australia, Mỹ, Canada, New Zealand, Trung Quốc và Singapore” nhằm mang lại những thông tin mới, hữu ích nhất giúp định hướng mục tiêu du học của học sinh.', 'Mauris rhoncus a nulla ut sollicitudin. Curabitur interdum turpis non lacus posuere, eu hendrerit nisi ornare. In hac habitasse platea dictumst. Ut euismod quis lorem quis efficitur. Aliquam tempus mattis iaculis. Duis at lacus id nunc porttitor faucibus. Nullam pretium egestas fringilla. Aenean at tellus a elit molestie dignissim in sed lacus. Nunc id urna quis tellus eleifend pulvinar eu sagittis nisi. Nunc quam purus, pharetra ut ipsum nec, convallis rutrum magna. Donec ut mi mauris. Cras risus justo, aliquet vitae congue a, elementum a enim', 'VNPC.JPG', 1, 0, 3, 1, NULL, NULL),
(146, 'Luật visa mới cho cao đẳng chuyển tiếp tại Australia', 'Từ ngày 1/1, du học sinh Việt Nam học các chương trình cao đẳng liên thông vào đại học của Navitas sẽ được hưởng mức xét cấp visa 2 (như đối với du học sinh vào thẳng đại học tại Australia).', 'Mauris rhoncus a nulla ut sollicitudin. Curabitur interdum turpis non lacus posuere, eu hendrerit nisi ornare. In hac habitasse platea dictumst. Ut euismod quis lorem quis efficitur. Aliquam tempus mattis iaculis. Duis at lacus id nunc porttitor faucibus. Nullam pretium egestas fringilla. Aenean at tellus a elit molestie dignissim in sed lacus. Nunc id urna quis tellus eleifend pulvinar eu sagittis nisi. Nunc quam purus, pharetra ut ipsum nec, convallis rutrum magna. Donec ut mi mauris. Cras risus justo, aliquet vitae congue a, elementum a enim', '400x180.jpg', 1, 0, 3, 1, NULL, NULL),
(147, 'Thi và phỏng vấn học bổng 100% học phí tại Phần Lan', 'Các ĐH công lập Phần Lan tuyển sinh các khóa ĐH khai giảng tháng 9/2011. Sinh viên nộp hồ sơ trước ngày 15/2/2011 để đăng ký dự thi đầu vào tổ chức vào tháng 4. Sinh viên thi đỗ sẽ nhận được học bổng 100% học phí.', 'Mauris rhoncus a nulla ut sollicitudin. Curabitur interdum turpis non lacus posuere, eu hendrerit nisi ornare. In hac habitasse platea dictumst. Ut euismod quis lorem quis efficitur. Aliquam tempus mattis iaculis. Duis at lacus id nunc porttitor faucibus. Nullam pretium egestas fringilla. Aenean at tellus a elit molestie dignissim in sed lacus. Nunc id urna quis tellus eleifend pulvinar eu sagittis nisi. Nunc quam purus, pharetra ut ipsum nec, convallis rutrum magna. Donec ut mi mauris. Cras risus justo, aliquet vitae congue a, elementum a enim', 'phan-lan-1.jpg', 1, 0, 3, 1, NULL, NULL),
(148, 'Cơ hội học tập và định cư tại bang Manitoba, Canada', 'Chi phí cho du học sinh học tại Manitoba không cao. Bên cạnh đó, sinh viên được đăng ký xin định cư ngay sau khi tốt nghiệp cao đẳng, đại học, kể cả khi chưa tìm được việc làm.', 'Mauris rhoncus a nulla ut sollicitudin. Curabitur interdum turpis non lacus posuere, eu hendrerit nisi ornare. In hac habitasse platea dictumst. Ut euismod quis lorem quis efficitur. Aliquam tempus mattis iaculis. Duis at lacus id nunc porttitor faucibus. Nullam pretium egestas fringilla. Aenean at tellus a elit molestie dignissim in sed lacus. Nunc id urna quis tellus eleifend pulvinar eu sagittis nisi. Nunc quam purus, pharetra ut ipsum nec, convallis rutrum magna. Donec ut mi mauris. Cras risus justo, aliquet vitae congue a, elementum a enim', 'duhoc-2.jpg', 1, 0, 3, 1, NULL, NULL),
(149, 'Bí quyết học ngành tài chính tại Anh', 'UK Alumni Talk tháng 12 với chủ đề “Học chuyên ngành tài chính tại Anh - những điều cần biết” giúp sinh viên chọn khoá học, chọn trường, kỹ năng học tập trong lĩnh vực này qua sự chia sẻ của các cựu du học sinh Anh.', 'Mauris rhoncus a nulla ut sollicitudin. Curabitur interdum turpis non lacus posuere, eu hendrerit nisi ornare. In hac habitasse platea dictumst. Ut euismod quis lorem quis efficitur. Aliquam tempus mattis iaculis. Duis at lacus id nunc porttitor faucibus. Nullam pretium egestas fringilla. Aenean at tellus a elit molestie dignissim in sed lacus. Nunc id urna quis tellus eleifend pulvinar eu sagittis nisi. Nunc quam purus, pharetra ut ipsum nec, convallis rutrum magna. Donec ut mi mauris. Cras risus justo, aliquet vitae congue a, elementum a enim', 'HDA.jpg', 1, 0, 3, 1, NULL, NULL),
(150, 'Tháng du học New Zealand', 'Đức Anh A&T dành một tháng chuyên du học New Zealand từ ngày 25/12. Tất cả các học sinh, sinh viên đăng ký du học trong thời gian này sẽ được hỗ trợ 100% phí visa và phí khám sức khỏe sau khi nhận visa du học.', 'Mauris rhoncus a nulla ut sollicitudin. Curabitur interdum turpis non lacus posuere, eu hendrerit nisi ornare. In hac habitasse platea dictumst. Ut euismod quis lorem quis efficitur. Aliquam tempus mattis iaculis. Duis at lacus id nunc porttitor faucibus. Nullam pretium egestas fringilla. Aenean at tellus a elit molestie dignissim in sed lacus. Nunc id urna quis tellus eleifend pulvinar eu sagittis nisi. Nunc quam purus, pharetra ut ipsum nec, convallis rutrum magna. Donec ut mi mauris. Cras risus justo, aliquet vitae congue a, elementum a enim', 'DA.jpg', 1, 0, 3, 1, NULL, NULL),
(151, 'Miễn 100% học phí du học Pháp', 'Các ĐH công lập Pháp như Université de Paris–Sud, Université de Paris 11, Université de Tours, Université d’Angers, Université de Lyon được Chính phủ hỗ trợ 100% học phí (khoảng 7.000 EUR một năm cho mỗi sinh viên).', 'Mauris rhoncus a nulla ut sollicitudin. Curabitur interdum turpis non lacus posuere, eu hendrerit nisi ornare. In hac habitasse platea dictumst. Ut euismod quis lorem quis efficitur. Aliquam tempus mattis iaculis. Duis at lacus id nunc porttitor faucibus. Nullam pretium egestas fringilla. Aenean at tellus a elit molestie dignissim in sed lacus. Nunc id urna quis tellus eleifend pulvinar eu sagittis nisi. Nunc quam purus, pharetra ut ipsum nec, convallis rutrum magna. Donec ut mi mauris. Cras risus justo, aliquet vitae congue a, elementum a enim', '1412_thap.jpg', 1, 0, 3, 1, NULL, NULL),
(152, 'Học bổng 50% học phí tại ĐH Kent, Anh', 'Đại học Kent có một số học bổng 50% học phí (tương đương khoảng 5.000 GBP) cho các khóa đại học và thạc sĩ. Hạn chót nộp hồ sơ xin học bổng là ngày 31/5/2011.', 'Mauris rhoncus a nulla ut sollicitudin. Curabitur interdum turpis non lacus posuere, eu hendrerit nisi ornare. In hac habitasse platea dictumst. Ut euismod quis lorem quis efficitur. Aliquam tempus mattis iaculis. Duis at lacus id nunc porttitor faucibus. Nullam pretium egestas fringilla. Aenean at tellus a elit molestie dignissim in sed lacus. Nunc id urna quis tellus eleifend pulvinar eu sagittis nisi. Nunc quam purus, pharetra ut ipsum nec, convallis rutrum magna. Donec ut mi mauris. Cras risus justo, aliquet vitae congue a, elementum a enim', 'Kent-2.jpg', 1, 0, 3, 1, NULL, NULL),
(153, 'Học bổng khuyến học INTO, Mỹ', 'INTO Oregon State University và ĐH South Florida dành 12 suất học bổng cho sinh viên Việt Nam đáp ứng được các điều kiện đầu vào để tham gia các khóa học dự bị học kỳ tháng 9 hoặc tháng 12/2011.', 'Mauris rhoncus a nulla ut sollicitudin. Curabitur interdum turpis non lacus posuere, eu hendrerit nisi ornare. In hac habitasse platea dictumst. Ut euismod quis lorem quis efficitur. Aliquam tempus mattis iaculis. Duis at lacus id nunc porttitor faucibus. Nullam pretium egestas fringilla. Aenean at tellus a elit molestie dignissim in sed lacus. Nunc id urna quis tellus eleifend pulvinar eu sagittis nisi. Nunc quam purus, pharetra ut ipsum nec, convallis rutrum magna. Donec ut mi mauris. Cras risus justo, aliquet vitae congue a, elementum a enim', '1_250x195.jpg', 1, 0, 3, 1, NULL, NULL),
(154, 'Đào tạo ngành thời trang theo tiêu chuẩn châu Âu', 'Học viện Thời trang London (Hà Nội) là nơi đào tạo chuyên về thời trang của trường đại học Northumbria (Anh). Tại đây, toàn bộ quy trình đào tạo taijd dây đều theo tiêu chuẩn châu Âu.', 'Mauris rhoncus a nulla ut sollicitudin. Curabitur interdum turpis non lacus posuere, eu hendrerit nisi ornare. In hac habitasse platea dictumst. Ut euismod quis lorem quis efficitur. Aliquam tempus mattis iaculis. Duis at lacus id nunc porttitor faucibus. Nullam pretium egestas fringilla. Aenean at tellus a elit molestie dignissim in sed lacus. Nunc id urna quis tellus eleifend pulvinar eu sagittis nisi. Nunc quam purus, pharetra ut ipsum nec, convallis rutrum magna. Donec ut mi mauris. Cras risus justo, aliquet vitae congue a, elementum a enim', 'thoitrang7.jpg', 1, 0, 3, 1, NULL, NULL),
(155, 'Học bổng cử nhân tại NUS, Singapore', 'NUS có ba chương trình học bổng gồm ASEAN, Singapore và Dr. Goh Keng Swee. Với ba loại học bổng này, ngoài học phí, sinh viên được nhận sinh hoạt phí 3.866 USD một năm.', 'Mauris rhoncus a nulla ut sollicitudin. Curabitur interdum turpis non lacus posuere, eu hendrerit nisi ornare. In hac habitasse platea dictumst. Ut euismod quis lorem quis efficitur. Aliquam tempus mattis iaculis. Duis at lacus id nunc porttitor faucibus. Nullam pretium egestas fringilla. Aenean at tellus a elit molestie dignissim in sed lacus. Nunc id urna quis tellus eleifend pulvinar eu sagittis nisi. Nunc quam purus, pharetra ut ipsum nec, convallis rutrum magna. Donec ut mi mauris. Cras risus justo, aliquet vitae congue a, elementum a enim', '1_3011_400300.jpg', 1, 0, 3, 1, NULL, NULL),
(156, 'Học tại Mỹ không cần bằng TOEFL hay IELTS', 'ELS liên kết với một số trường cao đẳng ở Mỹ cung cấp chương trình tiếng Anh giúp học sinh được tuyển thẳng vào trường học tại Mỹ mà không cần IELTS hoặc TOEFL.', 'Mauris rhoncus a nulla ut sollicitudin. Curabitur interdum turpis non lacus posuere, eu hendrerit nisi ornare. In hac habitasse platea dictumst. Ut euismod quis lorem quis efficitur. Aliquam tempus mattis iaculis. Duis at lacus id nunc porttitor faucibus. Nullam pretium egestas fringilla. Aenean at tellus a elit molestie dignissim in sed lacus. Nunc id urna quis tellus eleifend pulvinar eu sagittis nisi. Nunc quam purus, pharetra ut ipsum nec, convallis rutrum magna. Donec ut mi mauris. Cras risus justo, aliquet vitae congue a, elementum a enim', 'ELS.jpg', 1, 0, 3, 1, NULL, NULL),
(157, 'Đào tạo bác sĩ, dược sĩ bằng tiếng Anh tại châu Âu', 'Viện đại học Debrecen - UOD (Hungary) đang tuyển sinh chương trình đào tạo bác sĩ y khoa, nha khoa, dược sĩ học hoàn toàn bằng tiếng Anh.', 'Mauris rhoncus a nulla ut sollicitudin. Curabitur interdum turpis non lacus posuere, eu hendrerit nisi ornare. In hac habitasse platea dictumst. Ut euismod quis lorem quis efficitur. Aliquam tempus mattis iaculis. Duis at lacus id nunc porttitor faucibus. Nullam pretium egestas fringilla. Aenean at tellus a elit molestie dignissim in sed lacus. Nunc id urna quis tellus eleifend pulvinar eu sagittis nisi. Nunc quam purus, pharetra ut ipsum nec, convallis rutrum magna. Donec ut mi mauris. Cras risus justo, aliquet vitae congue a, elementum a enim', 'duhoc (1).jpg', 1, 0, 3, 1, NULL, NULL),
(158, 'Tư vấn chuyên ngành khoa học máy tính tại Anh', 'Hội thảo chủ đề “Học chuyên ngành khoa học máy tính tại Anh - những điều cần biết” được tổ chức ngày 22/11 từ 18h đến 19h30 tại Hội đồng Anh Hà Nội và từ 18h30 đến 20h tại khách sạn Norfolk, 117 Lê Thánh Tôn, quận 1, TP HCM.', 'Mauris rhoncus a nulla ut sollicitudin. Curabitur interdum turpis non lacus posuere, eu hendrerit nisi ornare. In hac habitasse platea dictumst. Ut euismod quis lorem quis efficitur. Aliquam tempus mattis iaculis. Duis at lacus id nunc porttitor faucibus. Nullam pretium egestas fringilla. Aenean at tellus a elit molestie dignissim in sed lacus. Nunc id urna quis tellus eleifend pulvinar eu sagittis nisi. Nunc quam purus, pharetra ut ipsum nec, convallis rutrum magna. Donec ut mi mauris. Cras risus justo, aliquet vitae congue a, elementum a enim', 'hoi-dong-anh-1.jpg', 1, 0, 3, 1, NULL, NULL),
(159, 'Hội thảo Con đường nhanh nhất đến thành công', 'Ông Matthew Yap, Chủ tịch Hội đồng Học thuật của Cao đẳng quốc tế Melior, Singapore sẽ có buổi diễn giải tại hội thảo \"Con đường nhanh nhất đến thành công\" vào 8h30 ngày 28/11 tại tòa nhà Melior, 149C Trương Định, phường 9, quận 3, TP HCM.', 'Mauris rhoncus a nulla ut sollicitudin. Curabitur interdum turpis non lacus posuere, eu hendrerit nisi ornare. In hac habitasse platea dictumst. Ut euismod quis lorem quis efficitur. Aliquam tempus mattis iaculis. Duis at lacus id nunc porttitor faucibus. Nullam pretium egestas fringilla. Aenean at tellus a elit molestie dignissim in sed lacus. Nunc id urna quis tellus eleifend pulvinar eu sagittis nisi. Nunc quam purus, pharetra ut ipsum nec, convallis rutrum magna. Donec ut mi mauris. Cras risus justo, aliquet vitae congue a, elementum a enim', 'duhoc250.jpg', 1, 0, 3, 1, NULL, NULL),
(160, '100% học phí cho 7 trường ĐH tại Anh', 'Ông Tom Keenan, đại diện tuyển sinh của INTO sẽ có buổi nói chuyện về chương trình và cơ hội học bổng cùng Tập đoàn INTO vào 17h ngày 29/11 tại TP HCM và 15h ngày 30/11 tại Hà Nội.', 'Mauris rhoncus a nulla ut sollicitudin. Curabitur interdum turpis non lacus posuere, eu hendrerit nisi ornare. In hac habitasse platea dictumst. Ut euismod quis lorem quis efficitur. Aliquam tempus mattis iaculis. Duis at lacus id nunc porttitor faucibus. Nullam pretium egestas fringilla. Aenean at tellus a elit molestie dignissim in sed lacus. Nunc id urna quis tellus eleifend pulvinar eu sagittis nisi. Nunc quam purus, pharetra ut ipsum nec, convallis rutrum magna. Donec ut mi mauris. Cras risus justo, aliquet vitae congue a, elementum a enim', 'duhoc-250.jpg', 1, 0, 3, 1, NULL, NULL),
(161, 'Vợ đánh hổ cứu chồng', 'Một phụ nữ ở phía bắc Malaysia đánh hổ bằng muỗng gỗ khi con thú tấn công chồng bà, nhờ đó người đàn ông thoát chết.', 'Mauris rhoncus a nulla ut sollicitudin. Curabitur interdum turpis non lacus posuere, eu hendrerit nisi ornare. In hac habitasse platea dictumst. Ut euismod quis lorem quis efficitur. Aliquam tempus mattis iaculis. Duis at lacus id nunc porttitor faucibus. Nullam pretium egestas fringilla. Aenean at tellus a elit molestie dignissim in sed lacus. Nunc id urna quis tellus eleifend pulvinar eu sagittis nisi. Nunc quam purus, pharetra ut ipsum nec, convallis rutrum magna. Donec ut mi mauris. Cras risus justo, aliquet vitae congue a, elementum a enim', 'tiger.jpg', 1, 0, 3, 1, NULL, NULL);

-- --------------------------------------------------------

--
-- Cấu trúc bảng cho bảng `users`
--

CREATE TABLE `users` (
  `id` bigint(20) UNSIGNED NOT NULL,
  `name` varchar(255) COLLATE utf8mb4_unicode_ci NOT NULL,
  `level` int(11) NOT NULL DEFAULT 0,
  `email` varchar(255) COLLATE utf8mb4_unicode_ci NOT NULL,
  `email_verified_at` timestamp NULL DEFAULT NULL,
  `password` varchar(255) COLLATE utf8mb4_unicode_ci NOT NULL,
  `remember_token` varchar(100) COLLATE utf8mb4_unicode_ci DEFAULT NULL,
  `created_at` timestamp NULL DEFAULT NULL,
  `updated_at` timestamp NULL DEFAULT NULL
) ENGINE=InnoDB DEFAULT CHARSET=utf8;

--
-- Đang đổ dữ liệu cho bảng `users`
--

INSERT INTO `users` (`id`, `name`, `level`, `email`, `email_verified_at`, `password`, `remember_token`, `created_at`, `updated_at`) VALUES
(1, 'user_1', 0, 'user_1@mymail.com', NULL, '$2y$10$U3hEumC7Vx/y8Dmv2sNQR.Gre0UxTHZkKFEZ9yeDzMzxSJQDZFnzG', NULL, '2019-07-26 08:14:02', NULL),
(2, 'user_2', 0, 'user_2@mymail.com', NULL, '$2y$10$eVzjpaegMf4rPjkAEsqsE.oO/IOBh1jDft0rvqPR6HqcpE6bhFuOC', NULL, '2019-07-26 08:14:02', NULL),
(3, 'user_3', 0, 'user_3@mymail.com', NULL, '$2y$10$GdjftadWG3zw2clm2flXtu7b76CKjeUMwZHkde1xudnmMuj0a02KO', NULL, '2019-07-26 08:14:02', NULL),
(4, 'user_4', 0, 'user_4@mymail.com', NULL, '$2y$10$l01eoL1nCBreDop7KoMth.5mrqpDEkOLtz3heZ6RfuMpTaxi93RDS', NULL, '2019-07-26 08:14:02', NULL),
(5, 'user_5', 0, 'user_5@mymail.com', NULL, '$2y$10$TP5cU7edWrNGMFkix.FVgu.e6RO3UTq/X.qBgBw1FcGmLP89ub2b6', NULL, '2019-07-26 08:14:02', NULL),
(6, 'user_6', 0, 'user_6@mymail.com', NULL, '$2y$10$TMu8JgljjSnTTOjOI8omWOQ5NVDVkNaZPw/TUE4z2q1b7zmcCQWJC', NULL, '2019-07-26 08:14:02', NULL),
(7, 'user_7', 0, 'user_7@mymail.com', NULL, '$2y$10$yjL2PH79FhCAsjmg67qtU.5Rh/0GlEq/lJeJ772Hvk2WZLgeK5m2u', NULL, '2019-07-26 08:14:02', NULL),
(8, 'user_8', 0, 'user_8@mymail.com', NULL, '$2y$10$YiOjRCLUHUTUo/0QtZaJzOOlmwP1xNEHO7FVcpDAF4n7XqdOsV7RO', NULL, '2019-07-26 08:14:03', NULL),
(9, 'user_9', 0, 'user_9@mymail.com', NULL, '$2y$10$Lm1QNDKIo5lDiJDi3Y1HUeEy09arJkXFgNPAWjG91ZZqIuLny6CZW', NULL, '2019-07-26 08:14:03', NULL),
(10, 'user_10', 0, 'user_10@mymail.com', NULL, '$2y$10$qGcCymNZC//Q3FvPT0vObehOp92U54M6XL4dE/.YeUh3RAdVte3Li', NULL, '2019-07-26 08:14:03', NULL);

--
-- Chỉ mục cho các bảng đã đổ
--

--
-- Chỉ mục cho bảng `loaitin`
--
ALTER TABLE `loaitin`
  ADD PRIMARY KEY (`id`),
  ADD KEY `loaitin_idtheloai_foreign` (`idTheLoai`);

--
-- Chỉ mục cho bảng `migrations`
--
ALTER TABLE `migrations`
  ADD PRIMARY KEY (`id`);

--
-- Chỉ mục cho bảng `password_resets`
--
ALTER TABLE `password_resets`
  ADD KEY `password_resets_email_index` (`email`);

--
-- Chỉ mục cho bảng `theloai`
--
ALTER TABLE `theloai`
  ADD PRIMARY KEY (`id`);

--
-- Chỉ mục cho bảng `tintuc`
--
ALTER TABLE `tintuc`
  ADD PRIMARY KEY (`id`),
  ADD KEY `tintuc_idloaitin_foreign` (`idLoaiTin`);

--
-- Chỉ mục cho bảng `users`
--
ALTER TABLE `users`
  ADD PRIMARY KEY (`id`),
  ADD UNIQUE KEY `users_email_unique` (`email`);

--
-- AUTO_INCREMENT cho các bảng đã đổ
--

--
-- AUTO_INCREMENT cho bảng `loaitin`
--
ALTER TABLE `loaitin`
  MODIFY `id` int(10) UNSIGNED NOT NULL AUTO_INCREMENT, AUTO_INCREMENT=7;

--
-- AUTO_INCREMENT cho bảng `migrations`
--
ALTER TABLE `migrations`
  MODIFY `id` int(10) UNSIGNED NOT NULL AUTO_INCREMENT, AUTO_INCREMENT=6;

--
-- AUTO_INCREMENT cho bảng `theloai`
--
ALTER TABLE `theloai`
  MODIFY `id` int(10) UNSIGNED NOT NULL AUTO_INCREMENT, AUTO_INCREMENT=4;

--
-- AUTO_INCREMENT cho bảng `tintuc`
--
ALTER TABLE `tintuc`
  MODIFY `id` int(10) UNSIGNED NOT NULL AUTO_INCREMENT, AUTO_INCREMENT=162;

--
-- AUTO_INCREMENT cho bảng `users`
--
ALTER TABLE `users`
  MODIFY `id` bigint(20) UNSIGNED NOT NULL AUTO_INCREMENT, AUTO_INCREMENT=11;

--
-- Các ràng buộc cho các bảng đã đổ
--

--
-- Các ràng buộc cho bảng `loaitin`
--
ALTER TABLE `loaitin`
  ADD CONSTRAINT `loaitin_idtheloai_foreign` FOREIGN KEY (`idTheLoai`) REFERENCES `theloai` (`id`);

--
-- Các ràng buộc cho bảng `tintuc`
--
ALTER TABLE `tintuc`
  ADD CONSTRAINT `tintuc_idloaitin_foreign` FOREIGN KEY (`idLoaiTin`) REFERENCES `loaitin` (`id`);
COMMIT;

/*!40101 SET CHARACTER_SET_CLIENT=@OLD_CHARACTER_SET_CLIENT */;
/*!40101 SET CHARACTER_SET_RESULTS=@OLD_CHARACTER_SET_RESULTS */;
/*!40101 SET COLLATION_CONNECTION=@OLD_COLLATION_CONNECTION */;
